#
# There is insufficient memory for the Java Runtime Environment to continue.
# Native memory allocation (malloc) failed to allocate 47376 bytes. Error detail: Chunk::new
# Possible reasons:
#   The system is out of physical RAM or swap space
#   This process is running with CompressedOops enabled, and the Java Heap may be blocking the growth of the native heap
# Possible solutions:
#   Reduce memory load on the system
#   Increase physical memory or swap space
#   Check if swap backing store is full
#   Decrease Java heap size (-Xmx/-Xms)
#   Decrease number of Java threads
#   Decrease Java thread stack sizes (-Xss)
#   Set larger code cache with -XX:ReservedCodeCacheSize=
#   JVM is running with Unscaled Compressed Oops mode in which the Java heap is
#     placed in the first 4GB address space. The Java Heap base address is the
#     maximum limit for the native heap growth. Please use -XX:HeapBaseMinAddress
#     to set the Java Heap base and to place the Java Heap above 4GB virtual address.
# This output file may be truncated or incomplete.
#
#  Out of Memory Error (arena.cpp:168), pid=11468, tid=20872
#
# JRE version: OpenJDK Runtime Environment (21.0.7) (build 21.0.7+-13880790-b1038.58)
# Java VM: OpenJDK 64-Bit Server VM (21.0.7+-13880790-b1038.58, mixed mode, tiered, compressed oops, compressed class ptrs, g1 gc, windows-amd64)
# No core dump will be written. Minidumps are not enabled by default on client versions of Windows
#

---------------  S U M M A R Y ------------

Command Line: --add-opens=java.base/java.lang=ALL-UNNAMED --add-opens=java.base/java.lang.invoke=ALL-UNNAMED --add-opens=java.base/java.util=ALL-UNNAMED --add-opens=java.prefs/java.util.prefs=ALL-UNNAMED --add-exports=jdk.compiler/com.sun.tools.javac.api=ALL-UNNAMED --add-exports=jdk.compiler/com.sun.tools.javac.util=ALL-UNNAMED --add-opens=java.base/java.util=ALL-UNNAMED --add-opens=java.prefs/java.util.prefs=ALL-UNNAMED --add-opens=java.base/java.nio.charset=ALL-UNNAMED --add-opens=java.base/java.net=ALL-UNNAMED --add-opens=java.base/java.util.concurrent.atomic=ALL-UNNAMED --add-opens=java.xml/javax.xml.namespace=ALL-UNNAMED -Xmx2048m -Dfile.encoding=UTF-8 -Duser.country=US -Duser.language=en -Duser.variant -javaagent:C:\Users\Usman\.gradle\wrapper\dists\gradle-8.13-bin\5xuhj0ry160q40clulazy9h7d\gradle-8.13\lib\agents\gradle-instrumentation-agent-8.13.jar org.gradle.launcher.daemon.bootstrap.GradleDaemon 8.13

Host: Intel(R) Core(TM) i7-8665U CPU @ 1.90GHz, 8 cores, 11G,  Windows 11 , 64 bit Build 26100 (10.0.26100.8737)
Time: Fri Jul  3 23:21:37 2026 Pakistan Standard Time elapsed time: 3650.199993 seconds (0d 1h 0m 50s)

---------------  T H R E A D  ---------------

Current thread (0x000001b81427b9d0):  JavaThread "C2 CompilerThread1" daemon [_thread_in_native, id=20872, stack(0x0000006881400000,0x0000006881500000) (1024K)]


Current CompileTask:
C2:3650200 32665       4       org.gradle.internal.serialize.graph.codecs.BindingsBuilder::bind (177 bytes)

Stack: [0x0000006881400000,0x0000006881500000]
Native frames: (J=compiled Java code, j=interpreted, Vv=VM code, C=native code)
V  [jvm.dll+0x6d25c9]
V  [jvm.dll+0x860923]
V  [jvm.dll+0x862e7e]
V  [jvm.dll+0x863563]
V  [jvm.dll+0x27f156]
V  [jvm.dll+0xc002d]
V  [jvm.dll+0xc0563]
V  [jvm.dll+0x3b6d01]
V  [jvm.dll+0x1de3cb]
V  [jvm.dll+0x247fc4]
V  [jvm.dll+0x247441]
V  [jvm.dll+0x1c5fb4]
V  [jvm.dll+0x256bac]
V  [jvm.dll+0x2550f6]
V  [jvm.dll+0x3f1d16]
V  [jvm.dll+0x808d08]
V  [jvm.dll+0x6d0e1d]
C  [ucrtbase.dll+0x2cd30]
C  [KERNEL32.DLL+0x2e957]
C  [ntdll.dll+0xaad6c]


---------------  P R O C E S S  ---------------

Threads class SMR info:
_java_thread_list=0x000001b8141b9ab0, length=55, elements={
0x000001b869762f70, 0x000001b87f3d7450, 0x000001b87f3e4520, 0x000001b87f3d7fe0,
0x000001b87f410520, 0x000001b87f410f80, 0x000001b87f3f34b0, 0x000001b87f3f4a80,
0x000001b87f3f7f00, 0x000001b87f3fa9b0, 0x000001b87f703d50, 0x000001b8092c2640,
0x000001b809367270, 0x000001b80958dfb0, 0x000001b8095462c0, 0x000001b809542e40,
0x000001b8095434d0, 0x000001b809800700, 0x000001b809801420, 0x000001b809800d90,
0x000001b8097ff9e0, 0x000001b809802140, 0x000001b8097ff350, 0x000001b80dfa4cb0,
0x000001b80dfa6060, 0x000001b80dfa59d0, 0x000001b80dfa3900, 0x000001b80dfa7410,
0x000001b80d75a9f0, 0x000001b80d75eb90, 0x000001b8140fb720, 0x000001b80ac05ab0,
0x000001b80abfb010, 0x000001b8156fe7d0, 0x000001b8156fee60, 0x000001b8156fcd90,
0x000001b815701c50, 0x000001b8157022e0, 0x000001b8157015c0, 0x000001b815702970,
0x000001b815705df0, 0x000001b815703d20, 0x000001b815706480, 0x000001b815703000,
0x000001b815706b10, 0x000001b815703690, 0x000001b81570a620, 0x000001b815709900,
0x000001b815707ec0, 0x000001b815709f90, 0x000001b8157071a0, 0x000001b81570acb0,
0x000001b815708550, 0x000001b81427b9d0, 0x000001b814279e90
}

Java Threads: ( => current thread )
  0x000001b869762f70 JavaThread "main"                              [_thread_blocked, id=19012, stack(0x00000068f8800000,0x00000068f8900000) (1024K)]
  0x000001b87f3d7450 JavaThread "Common-Cleaner"             daemon [_thread_blocked, id=17544, stack(0x00000068f9000000,0x00000068f9100000) (1024K)]
  0x000001b87f3e4520 JavaThread "Reference Handler"          daemon [_thread_blocked, id=18288, stack(0x00000068f9100000,0x00000068f9200000) (1024K)]
  0x000001b87f3d7fe0 JavaThread "Finalizer"                  daemon [_thread_blocked, id=20024, stack(0x00000068f9200000,0x00000068f9300000) (1024K)]
  0x000001b87f410520 JavaThread "Signal Dispatcher"          daemon [_thread_blocked, id=18040, stack(0x00000068f9300000,0x00000068f9400000) (1024K)]
  0x000001b87f410f80 JavaThread "Attach Listener"            daemon [_thread_blocked, id=6944, stack(0x00000068f9400000,0x00000068f9500000) (1024K)]
  0x000001b87f3f34b0 JavaThread "Service Thread"             daemon [_thread_blocked, id=16748, stack(0x00000068f9500000,0x00000068f9600000) (1024K)]
  0x000001b87f3f4a80 JavaThread "Monitor Deflation Thread"   daemon [_thread_blocked, id=11432, stack(0x00000068f9600000,0x00000068f9700000) (1024K)]
  0x000001b87f3f7f00 JavaThread "C2 CompilerThread0"         daemon [_thread_in_native, id=14908, stack(0x00000068f9700000,0x00000068f9800000) (1024K)]
  0x000001b87f3fa9b0 JavaThread "C1 CompilerThread0"         daemon [_thread_blocked, id=20124, stack(0x00000068f9800000,0x00000068f9900000) (1024K)]
  0x000001b87f703d50 JavaThread "Notification Thread"        daemon [_thread_blocked, id=18992, stack(0x00000068f9900000,0x00000068f9a00000) (1024K)]
  0x000001b8092c2640 JavaThread "Daemon health stats"               [_thread_blocked, id=4216, stack(0x00000068f9b00000,0x00000068f9c00000) (1024K)]
  0x000001b809367270 JavaThread "Incoming local TCP Connector on port 55934"        [_thread_in_native, id=19664, stack(0x00000068fa300000,0x00000068fa400000) (1024K)]
  0x000001b80958dfb0 JavaThread "Daemon periodic checks"            [_thread_blocked, id=7044, stack(0x00000068fa400000,0x00000068fa500000) (1024K)]
  0x000001b8095462c0 JavaThread "Cache worker for journal cache (C:\Users\Usman\.gradle\caches\journal-1)"        [_thread_blocked, id=20056, stack(0x00000068fad00000,0x00000068fae00000) (1024K)]
  0x000001b809542e40 JavaThread "File lock request listener"        [_thread_in_native, id=17608, stack(0x00000068fae00000,0x00000068faf00000) (1024K)]
  0x000001b8095434d0 JavaThread "Cache worker for file hash cache (C:\Users\Usman\.gradle\caches\8.13\fileHashes)"        [_thread_blocked, id=21424, stack(0x00000068faf00000,0x00000068fb000000) (1024K)]
  0x000001b809800700 JavaThread "File watcher server"        daemon [_thread_in_native, id=8788, stack(0x00000068fb300000,0x00000068fb400000) (1024K)]
  0x000001b809801420 JavaThread "File watcher consumer"      daemon [_thread_blocked, id=4484, stack(0x00000068fb400000,0x00000068fb500000) (1024K)]
  0x000001b809800d90 JavaThread "jar transforms"                    [_thread_blocked, id=18008, stack(0x00000068fb500000,0x00000068fb600000) (1024K)]
  0x000001b8097ff9e0 JavaThread "jar transforms Thread 2"           [_thread_blocked, id=13736, stack(0x00000068fb600000,0x00000068fb700000) (1024K)]
  0x000001b809802140 JavaThread "Cache worker for file content cache (C:\Users\Usman\.gradle\caches\8.13\fileContent)"        [_thread_blocked, id=21816, stack(0x00000068fb800000,0x00000068fb900000) (1024K)]
  0x000001b8097ff350 JavaThread "jar transforms Thread 3"           [_thread_blocked, id=2360, stack(0x00000068fb900000,0x00000068fba00000) (1024K)]
  0x000001b80dfa4cb0 JavaThread "jar transforms Thread 4"           [_thread_blocked, id=20392, stack(0x00000068fc400000,0x00000068fc500000) (1024K)]
  0x000001b80dfa6060 JavaThread "jar transforms Thread 5"           [_thread_blocked, id=19464, stack(0x00000068fc500000,0x00000068fc600000) (1024K)]
  0x000001b80dfa59d0 JavaThread "jar transforms Thread 6"           [_thread_blocked, id=2628, stack(0x00000068fca00000,0x00000068fcb00000) (1024K)]
  0x000001b80dfa3900 JavaThread "jar transforms Thread 7"           [_thread_blocked, id=1988, stack(0x00000068fcb00000,0x00000068fcc00000) (1024K)]
  0x000001b80dfa7410 JavaThread "jar transforms Thread 8"           [_thread_blocked, id=3076, stack(0x00000068fcc00000,0x00000068fcd00000) (1024K)]
  0x000001b80d75a9f0 JavaThread "Memory manager"                    [_thread_blocked, id=17364, stack(0x00000068fe200000,0x00000068fe300000) (1024K)]
  0x000001b80d75eb90 JavaThread "pool-3-thread-1"                   [_thread_blocked, id=1332, stack(0x00000068fe400000,0x00000068fe500000) (1024K)]
  0x000001b8140fb720 JavaThread "Cache worker for Java compile cache (C:\Users\Usman\.gradle\caches\8.13\javaCompile)"        [_thread_blocked, id=18072, stack(0x0000006883200000,0x0000006883300000) (1024K)]
  0x000001b80ac05ab0 JavaThread "pool-8-thread-1"                   [_thread_blocked, id=12508, stack(0x0000006882500000,0x0000006882600000) (1024K)]
  0x000001b80abfb010 JavaThread "pool-12-thread-1"                  [_thread_blocked, id=22144, stack(0x0000006882600000,0x0000006882700000) (1024K)]
  0x000001b8156fe7d0 JavaThread "Daemon Thread 4"                   [_thread_blocked, id=14648, stack(0x0000006880000000,0x0000006880100000) (1024K)]
  0x000001b8156fee60 JavaThread "Handler for socket connection from /127.0.0.1:55934 to /127.0.0.1:62253"        [_thread_in_native, id=9504, stack(0x0000006880100000,0x0000006880200000) (1024K)]
  0x000001b8156fcd90 JavaThread "Cancel handler"                    [_thread_blocked, id=14272, stack(0x0000006880200000,0x0000006880300000) (1024K)]
  0x000001b815701c50 JavaThread "Daemon worker Thread 4"            [_thread_in_Java, id=10368, stack(0x0000006880300000,0x0000006880400000) (1024K)]
  0x000001b8157022e0 JavaThread "Asynchronous log dispatcher for DefaultDaemonConnection: socket connection from /127.0.0.1:55934 to /127.0.0.1:62253"        [_thread_blocked, id=1384, stack(0x0000006880400000,0x0000006880500000) (1024K)]
  0x000001b8157015c0 JavaThread "Stdin handler"                     [_thread_blocked, id=11476, stack(0x0000006880500000,0x0000006880600000) (1024K)]
  0x000001b815702970 JavaThread "Daemon client event forwarder"        [_thread_blocked, id=4920, stack(0x0000006880600000,0x0000006880700000) (1024K)]
  0x000001b815705df0 JavaThread "Cache worker for file hash cache (C:\Users\Usman\AndroidStudioProjects\Meerabapp\.gradle\8.13\fileHashes)"        [_thread_blocked, id=20084, stack(0x0000006880700000,0x0000006880800000) (1024K)]
  0x000001b815703d20 JavaThread "Cache worker for Build Output Cleanup Cache (C:\Users\Usman\AndroidStudioProjects\Meerabapp\.gradle\buildOutputCleanup)"        [_thread_blocked, id=21804, stack(0x0000006880800000,0x0000006880900000) (1024K)]
  0x000001b815706480 JavaThread "Cache worker for checksums cache (C:\Users\Usman\AndroidStudioProjects\Meerabapp\.gradle\8.13\checksums)"        [_thread_blocked, id=8280, stack(0x0000006880900000,0x0000006880a00000) (1024K)]
  0x000001b815703000 JavaThread "Cache worker for cache directory md-supplier (C:\Users\Usman\.gradle\caches\8.13\md-supplier)"        [_thread_blocked, id=18656, stack(0x0000006880a00000,0x0000006880b00000) (1024K)]
  0x000001b815706b10 JavaThread "Cache worker for cache directory md-rule (C:\Users\Usman\.gradle\caches\8.13\md-rule)"        [_thread_blocked, id=12376, stack(0x0000006880b00000,0x0000006880c00000) (1024K)]
  0x000001b815703690 JavaThread "Unconstrained build operations"        [_thread_blocked, id=20060, stack(0x0000006880c00000,0x0000006880d00000) (1024K)]
  0x000001b81570a620 JavaThread "Unconstrained build operations Thread 2"        [_thread_blocked, id=3940, stack(0x0000006880d00000,0x0000006880e00000) (1024K)]
  0x000001b815709900 JavaThread "Unconstrained build operations Thread 3"        [_thread_blocked, id=3160, stack(0x0000006880e00000,0x0000006880f00000) (1024K)]
  0x000001b815707ec0 JavaThread "Unconstrained build operations Thread 4"        [_thread_blocked, id=11820, stack(0x0000006880f00000,0x0000006881000000) (1024K)]
  0x000001b815709f90 JavaThread "Unconstrained build operations Thread 5"        [_thread_blocked, id=19496, stack(0x0000006881000000,0x0000006881100000) (1024K)]
  0x000001b8157071a0 JavaThread "Unconstrained build operations Thread 6"        [_thread_blocked, id=18184, stack(0x0000006881100000,0x0000006881200000) (1024K)]
  0x000001b81570acb0 JavaThread "Unconstrained build operations Thread 7"        [_thread_blocked, id=2064, stack(0x0000006881200000,0x0000006881300000) (1024K)]
  0x000001b815708550 JavaThread "Unconstrained build operations Thread 8"        [_thread_blocked, id=7468, stack(0x0000006881300000,0x0000006881400000) (1024K)]
=>0x000001b81427b9d0 JavaThread "C2 CompilerThread1"         daemon [_thread_in_native, id=20872, stack(0x0000006881400000,0x0000006881500000) (1024K)]
  0x000001b814279e90 JavaThread "C2 CompilerThread2"         daemon [_thread_in_native, id=7484, stack(0x0000006881500000,0x0000006881600000) (1024K)]
Total: 55

Other Threads:
  0x000001b87f38c3f0 VMThread "VM Thread"                           [id=11408, stack(0x00000068f8f00000,0x00000068f9000000) (1024K)]
  0x000001b87f1c0f00 WatcherThread "VM Periodic Task Thread"        [id=6220, stack(0x00000068f8e00000,0x00000068f8f00000) (1024K)]
  0x000001b86bb3f5b0 WorkerThread "GC Thread#0"                     [id=20700, stack(0x00000068f8900000,0x00000068f8a00000) (1024K)]
  0x000001b87f926d40 WorkerThread "GC Thread#1"                     [id=21856, stack(0x00000068f9c00000,0x00000068f9d00000) (1024K)]
  0x000001b87f9270e0 WorkerThread "GC Thread#2"                     [id=21028, stack(0x00000068f9d00000,0x00000068f9e00000) (1024K)]
  0x000001b87f9c3f80 WorkerThread "GC Thread#3"                     [id=16336, stack(0x00000068f9e00000,0x00000068f9f00000) (1024K)]
  0x000001b8087e6a50 WorkerThread "GC Thread#4"                     [id=3880, stack(0x00000068f9f00000,0x00000068fa000000) (1024K)]
  0x000001b809239210 WorkerThread "GC Thread#5"                     [id=17416, stack(0x00000068fa000000,0x00000068fa100000) (1024K)]
  0x000001b809075210 WorkerThread "GC Thread#6"                     [id=8336, stack(0x00000068fa100000,0x00000068fa200000) (1024K)]
  0x000001b8090755b0 WorkerThread "GC Thread#7"                     [id=15392, stack(0x00000068fa200000,0x00000068fa300000) (1024K)]
  0x000001b86bb50590 ConcurrentGCThread "G1 Main Marker"            [id=19016, stack(0x00000068f8a00000,0x00000068f8b00000) (1024K)]
  0x000001b86bb51ed0 WorkerThread "G1 Conc#0"                       [id=3744, stack(0x00000068f8b00000,0x00000068f8c00000) (1024K)]
  0x000001b8094e8420 WorkerThread "G1 Conc#1"                       [id=20708, stack(0x00000068fac00000,0x00000068fad00000) (1024K)]
  0x000001b87f078260 ConcurrentGCThread "G1 Refine#0"               [id=7440, stack(0x00000068f8c00000,0x00000068f8d00000) (1024K)]
  0x000001b87f079a90 ConcurrentGCThread "G1 Service"                [id=16208, stack(0x00000068f8d00000,0x00000068f8e00000) (1024K)]
Total: 15

Threads with active compile tasks:
C2 CompilerThread0  3650254 32614   !   4       java.util.concurrent.ConcurrentHashMap::compute (654 bytes)
C2 CompilerThread1  3650255 32665       4       org.gradle.internal.serialize.graph.codecs.BindingsBuilder::bind (177 bytes)
C2 CompilerThread2  3650255 32699       4       org.gradle.api.internal.attributes.DefaultMutableAttributeContainer::attribute (13 bytes)
Total: 3

VM state: not at safepoint (normal execution)

VM Mutex/Monitor currently owned by a thread: None

Heap address: 0x0000000080000000, size: 2048 MB, Compressed Oops mode: 32-bit

CDS archive(s) not mapped
Compressed class space mapped at: 0x0000000100000000-0x0000000140000000, reserved size: 1073741824
Narrow klass base: 0x0000000000000000, Narrow klass shift: 3, Narrow klass range: 0x140000000

GC Precious Log:
 CardTable entry size: 512
 Card Set container configuration: InlinePtr #cards 5 size 8 Array Of Cards #cards 12 size 40 Howl #buckets 4 coarsen threshold 1843 Howl Bitmap #cards 512 size 80 coarsen threshold 460 Card regions per heap region 1 cards per card region 2048
 CPUs: 8 total, 8 available
 Memory: 12033M
 Large Page Support: Disabled
 NUMA Support: Disabled
 Compressed Oops: Enabled (32-bit)
 Heap Region Size: 1M
 Heap Min Capacity: 8M
 Heap Initial Capacity: 190M
 Heap Max Capacity: 2G
 Pre-touch: Disabled
 Parallel Workers: 8
 Concurrent Workers: 2
 Concurrent Refinement Workers: 8
 Periodic GC: Disabled

Heap:
 garbage-first heap   total 556032K, used 281981K [0x0000000080000000, 0x0000000100000000)
  region size 1024K, 52 young (53248K), 4 survivors (4096K)
 Metaspace       used 169489K, committed 175040K, reserved 1245184K
  class space    used 21813K, committed 23808K, reserved 1048576K

Heap Regions: E=young(eden), S=young(survivor), O=old, HS=humongous(starts), HC=humongous(continues), CS=collection set, F=free, TAMS=top-at-mark-start, PB=parsable bottom
|   0|0x0000000080000000, 0x0000000080100000, 0x0000000080100000|100%|HS|  |TAMS 0x0000000080000000| PB 0x0000000080000000| Complete 
|   1|0x0000000080100000, 0x0000000080200000, 0x0000000080200000|100%|HC|  |TAMS 0x0000000080100000| PB 0x0000000080100000| Complete 
|   2|0x0000000080200000, 0x0000000080300000, 0x0000000080300000|100%|HC|  |TAMS 0x0000000080200000| PB 0x0000000080200000| Complete 
|   3|0x0000000080300000, 0x0000000080400000, 0x0000000080400000|100%| O|  |TAMS 0x0000000080300000| PB 0x0000000080300000| Untracked 
|   4|0x0000000080400000, 0x0000000080500000, 0x0000000080500000|100%| O|  |TAMS 0x0000000080400000| PB 0x0000000080400000| Untracked 
|   5|0x0000000080500000, 0x0000000080600000, 0x0000000080600000|100%| O|  |TAMS 0x0000000080500000| PB 0x0000000080500000| Untracked 
|   6|0x0000000080600000, 0x0000000080700000, 0x0000000080700000|100%|HS|  |TAMS 0x0000000080600000| PB 0x0000000080600000| Complete 
|   7|0x0000000080700000, 0x0000000080800000, 0x0000000080800000|100%| O|  |TAMS 0x0000000080700000| PB 0x0000000080700000| Untracked 
|   8|0x0000000080800000, 0x0000000080900000, 0x0000000080900000|100%| O|  |TAMS 0x0000000080800000| PB 0x0000000080800000| Untracked 
|   9|0x0000000080900000, 0x0000000080a00000, 0x0000000080a00000|100%| O|  |TAMS 0x0000000080900000| PB 0x0000000080900000| Untracked 
|  10|0x0000000080a00000, 0x0000000080b00000, 0x0000000080b00000|100%| O|  |TAMS 0x0000000080a00000| PB 0x0000000080a00000| Untracked 
|  11|0x0000000080b00000, 0x0000000080c00000, 0x0000000080c00000|100%| O|  |TAMS 0x0000000080b00000| PB 0x0000000080b00000| Untracked 
|  12|0x0000000080c00000, 0x0000000080cec290, 0x0000000080d00000| 92%| O|  |TAMS 0x0000000080c00000| PB 0x0000000080c00000| Untracked 
|  13|0x0000000080d00000, 0x0000000080e00000, 0x0000000080e00000|100%| O|  |TAMS 0x0000000080d00000| PB 0x0000000080d00000| Untracked 
|  14|0x0000000080e00000, 0x0000000080f00000, 0x0000000080f00000|100%| O|  |TAMS 0x0000000080e00000| PB 0x0000000080e00000| Untracked 
|  15|0x0000000080f00000, 0x0000000081000000, 0x0000000081000000|100%| O|  |TAMS 0x0000000080f00000| PB 0x0000000080f00000| Untracked 
|  16|0x0000000081000000, 0x0000000081100000, 0x0000000081100000|100%| O|  |TAMS 0x0000000081000000| PB 0x0000000081000000| Untracked 
|  17|0x0000000081100000, 0x0000000081200000, 0x0000000081200000|100%| O|  |TAMS 0x0000000081100000| PB 0x0000000081100000| Untracked 
|  18|0x0000000081200000, 0x0000000081300000, 0x0000000081300000|100%| O|  |TAMS 0x0000000081200000| PB 0x0000000081200000| Untracked 
|  19|0x0000000081300000, 0x0000000081400000, 0x0000000081400000|100%| O|  |TAMS 0x0000000081300000| PB 0x0000000081300000| Untracked 
|  20|0x0000000081400000, 0x0000000081500000, 0x0000000081500000|100%| O|  |TAMS 0x0000000081400000| PB 0x0000000081400000| Untracked 
|  21|0x0000000081500000, 0x0000000081600000, 0x0000000081600000|100%| O|  |TAMS 0x0000000081500000| PB 0x0000000081500000| Untracked 
|  22|0x0000000081600000, 0x0000000081700000, 0x0000000081700000|100%| O|  |TAMS 0x0000000081600000| PB 0x0000000081600000| Untracked 
|  23|0x0000000081700000, 0x0000000081800000, 0x0000000081800000|100%| O|  |TAMS 0x0000000081700000| PB 0x0000000081700000| Untracked 
|  24|0x0000000081800000, 0x0000000081900000, 0x0000000081900000|100%| O|  |TAMS 0x0000000081800000| PB 0x0000000081800000| Untracked 
|  25|0x0000000081900000, 0x0000000081a00000, 0x0000000081a00000|100%| O|  |TAMS 0x0000000081900000| PB 0x0000000081900000| Untracked 
|  26|0x0000000081a00000, 0x0000000081b00000, 0x0000000081b00000|100%| O|  |TAMS 0x0000000081a00000| PB 0x0000000081a00000| Untracked 
|  27|0x0000000081b00000, 0x0000000081c00000, 0x0000000081c00000|100%| O|  |TAMS 0x0000000081b00000| PB 0x0000000081b00000| Untracked 
|  28|0x0000000081c00000, 0x0000000081d00000, 0x0000000081d00000|100%| O|  |TAMS 0x0000000081c00000| PB 0x0000000081c00000| Untracked 
|  29|0x0000000081d00000, 0x0000000081e00000, 0x0000000081e00000|100%| O|  |TAMS 0x0000000081d00000| PB 0x0000000081d00000| Untracked 
|  30|0x0000000081e00000, 0x0000000081f00000, 0x0000000081f00000|100%| O|  |TAMS 0x0000000081e00000| PB 0x0000000081e00000| Untracked 
|  31|0x0000000081f00000, 0x0000000082000000, 0x0000000082000000|100%| O|  |TAMS 0x0000000081f00000| PB 0x0000000081f00000| Untracked 
|  32|0x0000000082000000, 0x0000000082100000, 0x0000000082100000|100%| O|  |TAMS 0x0000000082000000| PB 0x0000000082000000| Untracked 
|  33|0x0000000082100000, 0x0000000082200000, 0x0000000082200000|100%| O|  |TAMS 0x0000000082100000| PB 0x0000000082100000| Untracked 
|  34|0x0000000082200000, 0x0000000082300000, 0x0000000082300000|100%| O|  |TAMS 0x0000000082200000| PB 0x0000000082200000| Untracked 
|  35|0x0000000082300000, 0x0000000082400000, 0x0000000082400000|100%| O|  |TAMS 0x0000000082300000| PB 0x0000000082300000| Untracked 
|  36|0x0000000082400000, 0x0000000082500000, 0x0000000082500000|100%| O|  |TAMS 0x0000000082400000| PB 0x0000000082400000| Untracked 
|  37|0x0000000082500000, 0x0000000082600000, 0x0000000082600000|100%| O|  |TAMS 0x0000000082500000| PB 0x0000000082500000| Untracked 
|  38|0x0000000082600000, 0x0000000082700000, 0x0000000082700000|100%| O|  |TAMS 0x0000000082600000| PB 0x0000000082600000| Untracked 
|  39|0x0000000082700000, 0x0000000082800000, 0x0000000082800000|100%| O|  |TAMS 0x0000000082700000| PB 0x0000000082700000| Untracked 
|  40|0x0000000082800000, 0x0000000082900000, 0x0000000082900000|100%| O|  |TAMS 0x0000000082800000| PB 0x0000000082800000| Untracked 
|  41|0x0000000082900000, 0x0000000082a00000, 0x0000000082a00000|100%| O|  |TAMS 0x0000000082900000| PB 0x0000000082900000| Untracked 
|  42|0x0000000082a00000, 0x0000000082b00000, 0x0000000082b00000|100%| O|  |TAMS 0x0000000082a00000| PB 0x0000000082a00000| Untracked 
|  43|0x0000000082b00000, 0x0000000082c00000, 0x0000000082c00000|100%| O|  |TAMS 0x0000000082b00000| PB 0x0000000082b00000| Untracked 
|  44|0x0000000082c00000, 0x0000000082d00000, 0x0000000082d00000|100%| O|Cm|TAMS 0x0000000082c00000| PB 0x0000000082c00000| Complete 
|  45|0x0000000082d00000, 0x0000000082e00000, 0x0000000082e00000|100%| O|  |TAMS 0x0000000082d00000| PB 0x0000000082d00000| Untracked 
|  46|0x0000000082e00000, 0x0000000082f00000, 0x0000000082f00000|100%| O|  |TAMS 0x0000000082e00000| PB 0x0000000082e00000| Untracked 
|  47|0x0000000082f00000, 0x0000000083000000, 0x0000000083000000|100%| O|  |TAMS 0x0000000082f00000| PB 0x0000000082f00000| Untracked 
|  48|0x0000000083000000, 0x0000000083100000, 0x0000000083100000|100%| O|Cm|TAMS 0x0000000083000000| PB 0x0000000083000000| Complete 
|  49|0x0000000083100000, 0x0000000083200000, 0x0000000083200000|100%| O|  |TAMS 0x0000000083100000| PB 0x0000000083100000| Untracked 
|  50|0x0000000083200000, 0x0000000083300000, 0x0000000083300000|100%| O|  |TAMS 0x0000000083200000| PB 0x0000000083200000| Untracked 
|  51|0x0000000083300000, 0x0000000083400000, 0x0000000083400000|100%|HS|  |TAMS 0x0000000083300000| PB 0x0000000083300000| Complete 
|  52|0x0000000083400000, 0x0000000083500000, 0x0000000083500000|100%|HS|  |TAMS 0x0000000083400000| PB 0x0000000083400000| Complete 
|  53|0x0000000083500000, 0x0000000083600000, 0x0000000083600000|100%|HS|  |TAMS 0x0000000083500000| PB 0x0000000083500000| Complete 
|  54|0x0000000083600000, 0x0000000083700000, 0x0000000083700000|100%|HS|  |TAMS 0x0000000083600000| PB 0x0000000083600000| Complete 
|  55|0x0000000083700000, 0x0000000083800000, 0x0000000083800000|100%| O|  |TAMS 0x0000000083700000| PB 0x0000000083700000| Untracked 
|  56|0x0000000083800000, 0x0000000083900000, 0x0000000083900000|100%|HS|  |TAMS 0x0000000083800000| PB 0x0000000083800000| Complete 
|  57|0x0000000083900000, 0x0000000083a00000, 0x0000000083a00000|100%|HS|  |TAMS 0x0000000083900000| PB 0x0000000083900000| Complete 
|  58|0x0000000083a00000, 0x0000000083b00000, 0x0000000083b00000|100%| O|  |TAMS 0x0000000083a00000| PB 0x0000000083a00000| Untracked 
|  59|0x0000000083b00000, 0x0000000083c00000, 0x0000000083c00000|100%| O|  |TAMS 0x0000000083b00000| PB 0x0000000083b00000| Untracked 
|  60|0x0000000083c00000, 0x0000000083d00000, 0x0000000083d00000|100%|HS|  |TAMS 0x0000000083c00000| PB 0x0000000083c00000| Complete 
|  61|0x0000000083d00000, 0x0000000083e00000, 0x0000000083e00000|100%| O|  |TAMS 0x0000000083d00000| PB 0x0000000083d00000| Untracked 
|  62|0x0000000083e00000, 0x0000000083f00000, 0x0000000083f00000|100%| O|  |TAMS 0x0000000083e00000| PB 0x0000000083e00000| Untracked 
|  63|0x0000000083f00000, 0x0000000084000000, 0x0000000084000000|100%| O|  |TAMS 0x0000000083f00000| PB 0x0000000083f00000| Untracked 
|  64|0x0000000084000000, 0x0000000084100000, 0x0000000084100000|100%| O|  |TAMS 0x0000000084000000| PB 0x0000000084000000| Untracked 
|  65|0x0000000084100000, 0x0000000084200000, 0x0000000084200000|100%| O|  |TAMS 0x0000000084100000| PB 0x0000000084100000| Untracked 
|  66|0x0000000084200000, 0x0000000084300000, 0x0000000084300000|100%| O|  |TAMS 0x0000000084200000| PB 0x0000000084200000| Untracked 
|  67|0x0000000084300000, 0x0000000084400000, 0x0000000084400000|100%| O|Cm|TAMS 0x0000000084300000| PB 0x0000000084300000| Complete 
|  68|0x0000000084400000, 0x0000000084500000, 0x0000000084500000|100%| O|Cm|TAMS 0x0000000084400000| PB 0x0000000084400000| Complete 
|  69|0x0000000084500000, 0x0000000084600000, 0x0000000084600000|100%| O|  |TAMS 0x0000000084500000| PB 0x0000000084500000| Untracked 
|  70|0x0000000084600000, 0x0000000084700000, 0x0000000084700000|100%| O|  |TAMS 0x0000000084600000| PB 0x0000000084600000| Untracked 
|  71|0x0000000084700000, 0x0000000084800000, 0x0000000084800000|100%| O|Cm|TAMS 0x0000000084700000| PB 0x0000000084700000| Complete 
|  72|0x0000000084800000, 0x0000000084900000, 0x0000000084900000|100%| O|Cm|TAMS 0x0000000084800000| PB 0x0000000084800000| Complete 
|  73|0x0000000084900000, 0x0000000084a00000, 0x0000000084a00000|100%| O|Cm|TAMS 0x0000000084900000| PB 0x0000000084900000| Complete 
|  74|0x0000000084a00000, 0x0000000084b00000, 0x0000000084b00000|100%| O|Cm|TAMS 0x0000000084a00000| PB 0x0000000084a00000| Complete 
|  75|0x0000000084b00000, 0x0000000084c00000, 0x0000000084c00000|100%| O|Cm|TAMS 0x0000000084b00000| PB 0x0000000084b00000| Complete 
|  76|0x0000000084c00000, 0x0000000084d00000, 0x0000000084d00000|100%| O|Cm|TAMS 0x0000000084c00000| PB 0x0000000084c00000| Complete 
|  77|0x0000000084d00000, 0x0000000084e00000, 0x0000000084e00000|100%| O|  |TAMS 0x0000000084d00000| PB 0x0000000084d00000| Untracked 
|  78|0x0000000084e00000, 0x0000000084f00000, 0x0000000084f00000|100%| O|  |TAMS 0x0000000084e00000| PB 0x0000000084e00000| Untracked 
|  79|0x0000000084f00000, 0x0000000085000000, 0x0000000085000000|100%| O|  |TAMS 0x0000000084f00000| PB 0x0000000084f00000| Untracked 
|  80|0x0000000085000000, 0x0000000085100000, 0x0000000085100000|100%| O|  |TAMS 0x0000000085000000| PB 0x0000000085000000| Untracked 
|  81|0x0000000085100000, 0x0000000085200000, 0x0000000085200000|100%| O|  |TAMS 0x0000000085100000| PB 0x0000000085100000| Untracked 
|  82|0x0000000085200000, 0x0000000085300000, 0x0000000085300000|100%| O|  |TAMS 0x0000000085200000| PB 0x0000000085200000| Untracked 
|  83|0x0000000085300000, 0x0000000085400000, 0x0000000085400000|100%| O|  |TAMS 0x0000000085300000| PB 0x0000000085300000| Untracked 
|  84|0x0000000085400000, 0x0000000085500000, 0x0000000085500000|100%| O|  |TAMS 0x0000000085400000| PB 0x0000000085400000| Untracked 
|  85|0x0000000085500000, 0x0000000085600000, 0x0000000085600000|100%| O|  |TAMS 0x0000000085500000| PB 0x0000000085500000| Untracked 
|  86|0x0000000085600000, 0x0000000085700000, 0x0000000085700000|100%| O|Cm|TAMS 0x0000000085600000| PB 0x0000000085600000| Complete 
|  87|0x0000000085700000, 0x0000000085800000, 0x0000000085800000|100%| O|  |TAMS 0x0000000085700000| PB 0x0000000085700000| Untracked 
|  88|0x0000000085800000, 0x0000000085900000, 0x0000000085900000|100%| O|Cm|TAMS 0x0000000085800000| PB 0x0000000085800000| Complete 
|  89|0x0000000085900000, 0x0000000085a00000, 0x0000000085a00000|100%| O|  |TAMS 0x0000000085900000| PB 0x0000000085900000| Untracked 
|  90|0x0000000085a00000, 0x0000000085b00000, 0x0000000085b00000|100%| O|  |TAMS 0x0000000085a00000| PB 0x0000000085a00000| Untracked 
|  91|0x0000000085b00000, 0x0000000085c00000, 0x0000000085c00000|100%| O|  |TAMS 0x0000000085b00000| PB 0x0000000085b00000| Untracked 
|  92|0x0000000085c00000, 0x0000000085d00000, 0x0000000085d00000|100%| O|  |TAMS 0x0000000085c00000| PB 0x0000000085c00000| Untracked 
|  93|0x0000000085d00000, 0x0000000085e00000, 0x0000000085e00000|100%| O|  |TAMS 0x0000000085d00000| PB 0x0000000085d00000| Untracked 
|  94|0x0000000085e00000, 0x0000000085f00000, 0x0000000085f00000|100%| O|  |TAMS 0x0000000085e00000| PB 0x0000000085e00000| Untracked 
|  95|0x0000000085f00000, 0x0000000086000000, 0x0000000086000000|100%| O|  |TAMS 0x0000000085f00000| PB 0x0000000085f00000| Untracked 
|  96|0x0000000086000000, 0x0000000086100000, 0x0000000086100000|100%| O|Cm|TAMS 0x0000000086000000| PB 0x0000000086000000| Complete 
|  97|0x0000000086100000, 0x0000000086200000, 0x0000000086200000|100%| O|  |TAMS 0x0000000086100000| PB 0x0000000086100000| Untracked 
|  98|0x0000000086200000, 0x0000000086300000, 0x0000000086300000|100%| O|  |TAMS 0x0000000086200000| PB 0x0000000086200000| Untracked 
|  99|0x0000000086300000, 0x0000000086400000, 0x0000000086400000|100%| O|  |TAMS 0x0000000086300000| PB 0x0000000086300000| Untracked 
| 100|0x0000000086400000, 0x0000000086500000, 0x0000000086500000|100%| O|Cm|TAMS 0x0000000086400000| PB 0x0000000086400000| Complete 
| 101|0x0000000086500000, 0x0000000086600000, 0x0000000086600000|100%| O|Cm|TAMS 0x0000000086500000| PB 0x0000000086500000| Complete 
| 102|0x0000000086600000, 0x0000000086700000, 0x0000000086700000|100%| O|Cm|TAMS 0x0000000086600000| PB 0x0000000086600000| Complete 
| 103|0x0000000086700000, 0x0000000086800000, 0x0000000086800000|100%| O|Cm|TAMS 0x0000000086700000| PB 0x0000000086700000| Complete 
| 104|0x0000000086800000, 0x0000000086900000, 0x0000000086900000|100%| O|  |TAMS 0x0000000086800000| PB 0x0000000086800000| Untracked 
| 105|0x0000000086900000, 0x0000000086a00000, 0x0000000086a00000|100%| O|Cm|TAMS 0x0000000086900000| PB 0x0000000086900000| Complete 
| 106|0x0000000086a00000, 0x0000000086b00000, 0x0000000086b00000|100%| O|  |TAMS 0x0000000086a00000| PB 0x0000000086a00000| Untracked 
| 107|0x0000000086b00000, 0x0000000086c00000, 0x0000000086c00000|100%| O|  |TAMS 0x0000000086b00000| PB 0x0000000086b00000| Untracked 
| 108|0x0000000086c00000, 0x0000000086d00000, 0x0000000086d00000|100%| O|Cm|TAMS 0x0000000086c00000| PB 0x0000000086c00000| Complete 
| 109|0x0000000086d00000, 0x0000000086e00000, 0x0000000086e00000|100%| O|  |TAMS 0x0000000086d00000| PB 0x0000000086d00000| Untracked 
| 110|0x0000000086e00000, 0x0000000086f00000, 0x0000000086f00000|100%| O|  |TAMS 0x0000000086e00000| PB 0x0000000086e00000| Untracked 
| 111|0x0000000086f00000, 0x0000000087000000, 0x0000000087000000|100%| O|  |TAMS 0x0000000086f00000| PB 0x0000000086f00000| Untracked 
| 112|0x0000000087000000, 0x0000000087100000, 0x0000000087100000|100%| O|  |TAMS 0x0000000087000000| PB 0x0000000087000000| Untracked 
| 113|0x0000000087100000, 0x0000000087200000, 0x0000000087200000|100%| O|Cm|TAMS 0x0000000087100000| PB 0x0000000087100000| Complete 
| 114|0x0000000087200000, 0x0000000087200000, 0x0000000087300000|  0%| F|  |TAMS 0x0000000087200000| PB 0x0000000087200000| Untracked 
| 115|0x0000000087300000, 0x0000000087300000, 0x0000000087400000|  0%| F|  |TAMS 0x0000000087300000| PB 0x0000000087300000| Untracked 
| 116|0x0000000087400000, 0x0000000087500000, 0x0000000087500000|100%| O|  |TAMS 0x0000000087400000| PB 0x0000000087400000| Untracked 
| 117|0x0000000087500000, 0x0000000087600000, 0x0000000087600000|100%| O|Cm|TAMS 0x0000000087500000| PB 0x0000000087500000| Complete 
| 118|0x0000000087600000, 0x0000000087700000, 0x0000000087700000|100%| O|  |TAMS 0x0000000087600000| PB 0x0000000087600000| Untracked 
| 119|0x0000000087700000, 0x0000000087800000, 0x0000000087800000|100%|HS|  |TAMS 0x0000000087700000| PB 0x0000000087700000| Complete 
| 120|0x0000000087800000, 0x0000000087900000, 0x0000000087900000|100%|HC|  |TAMS 0x0000000087800000| PB 0x0000000087800000| Complete 
| 121|0x0000000087900000, 0x0000000087a00000, 0x0000000087a00000|100%| O|  |TAMS 0x0000000087900000| PB 0x0000000087900000| Untracked 
| 122|0x0000000087a00000, 0x0000000087b00000, 0x0000000087b00000|100%| O|  |TAMS 0x0000000087a00000| PB 0x0000000087a00000| Untracked 
| 123|0x0000000087b00000, 0x0000000087c00000, 0x0000000087c00000|100%| O|  |TAMS 0x0000000087b00000| PB 0x0000000087b00000| Untracked 
| 124|0x0000000087c00000, 0x0000000087d00000, 0x0000000087d00000|100%| O|  |TAMS 0x0000000087c00000| PB 0x0000000087c00000| Untracked 
| 125|0x0000000087d00000, 0x0000000087e00000, 0x0000000087e00000|100%| O|Cm|TAMS 0x0000000087d00000| PB 0x0000000087d00000| Complete 
| 126|0x0000000087e00000, 0x0000000087f00000, 0x0000000087f00000|100%| O|  |TAMS 0x0000000087e00000| PB 0x0000000087e00000| Untracked 
| 127|0x0000000087f00000, 0x0000000087f00000, 0x0000000088000000|  0%| F|  |TAMS 0x0000000087f00000| PB 0x0000000087f00000| Untracked 
| 128|0x0000000088000000, 0x0000000088100000, 0x0000000088100000|100%| O|  |TAMS 0x0000000088000000| PB 0x0000000088000000| Untracked 
| 129|0x0000000088100000, 0x0000000088100000, 0x0000000088200000|  0%| F|  |TAMS 0x0000000088100000| PB 0x0000000088100000| Untracked 
| 130|0x0000000088200000, 0x0000000088300000, 0x0000000088300000|100%| O|  |TAMS 0x0000000088200000| PB 0x0000000088200000| Untracked 
| 131|0x0000000088300000, 0x0000000088400000, 0x0000000088400000|100%|HS|  |TAMS 0x0000000088300000| PB 0x0000000088300000| Complete 
| 132|0x0000000088400000, 0x0000000088500000, 0x0000000088500000|100%|HC|  |TAMS 0x0000000088400000| PB 0x0000000088400000| Complete 
| 133|0x0000000088500000, 0x0000000088600000, 0x0000000088600000|100%|HS|  |TAMS 0x0000000088500000| PB 0x0000000088500000| Complete 
| 134|0x0000000088600000, 0x0000000088700000, 0x0000000088700000|100%|HC|  |TAMS 0x0000000088600000| PB 0x0000000088600000| Complete 
| 135|0x0000000088700000, 0x0000000088700000, 0x0000000088800000|  0%| F|  |TAMS 0x0000000088700000| PB 0x0000000088700000| Untracked 
| 136|0x0000000088800000, 0x0000000088900000, 0x0000000088900000|100%| O|Cm|TAMS 0x0000000088800000| PB 0x0000000088800000| Complete 
| 137|0x0000000088900000, 0x0000000088a00000, 0x0000000088a00000|100%| O|  |TAMS 0x0000000088900000| PB 0x0000000088900000| Untracked 
| 138|0x0000000088a00000, 0x0000000088b00000, 0x0000000088b00000|100%| O|  |TAMS 0x0000000088a00000| PB 0x0000000088a00000| Untracked 
| 139|0x0000000088b00000, 0x0000000088b00000, 0x0000000088c00000|  0%| F|  |TAMS 0x0000000088b00000| PB 0x0000000088b00000| Untracked 
| 140|0x0000000088c00000, 0x0000000088d00000, 0x0000000088d00000|100%| O|Cm|TAMS 0x0000000088c00000| PB 0x0000000088c00000| Complete 
| 141|0x0000000088d00000, 0x0000000088d00000, 0x0000000088e00000|  0%| F|  |TAMS 0x0000000088d00000| PB 0x0000000088d00000| Untracked 
| 142|0x0000000088e00000, 0x0000000088f00000, 0x0000000088f00000|100%| O|Cm|TAMS 0x0000000088e00000| PB 0x0000000088e00000| Complete 
| 143|0x0000000088f00000, 0x0000000089000000, 0x0000000089000000|100%| O|Cm|TAMS 0x0000000088f00000| PB 0x0000000088f00000| Complete 
| 144|0x0000000089000000, 0x0000000089000000, 0x0000000089100000|  0%| F|  |TAMS 0x0000000089000000| PB 0x0000000089000000| Untracked 
| 145|0x0000000089100000, 0x0000000089200000, 0x0000000089200000|100%| O|Cm|TAMS 0x0000000089100000| PB 0x0000000089100000| Complete 
| 146|0x0000000089200000, 0x0000000089300000, 0x0000000089300000|100%| O|Cm|TAMS 0x0000000089200000| PB 0x0000000089200000| Complete 
| 147|0x0000000089300000, 0x0000000089400000, 0x0000000089400000|100%|HS|  |TAMS 0x0000000089300000| PB 0x0000000089300000| Complete 
| 148|0x0000000089400000, 0x0000000089500000, 0x0000000089500000|100%|HC|  |TAMS 0x0000000089400000| PB 0x0000000089400000| Complete 
| 149|0x0000000089500000, 0x0000000089600000, 0x0000000089600000|100%|HS|  |TAMS 0x0000000089500000| PB 0x0000000089500000| Complete 
| 150|0x0000000089600000, 0x0000000089700000, 0x0000000089700000|100%|HC|  |TAMS 0x0000000089600000| PB 0x0000000089600000| Complete 
| 151|0x0000000089700000, 0x0000000089800000, 0x0000000089800000|100%|HS|  |TAMS 0x0000000089700000| PB 0x0000000089700000| Complete 
| 152|0x0000000089800000, 0x0000000089900000, 0x0000000089900000|100%|HC|  |TAMS 0x0000000089800000| PB 0x0000000089800000| Complete 
| 153|0x0000000089900000, 0x0000000089a00000, 0x0000000089a00000|100%|HS|  |TAMS 0x0000000089900000| PB 0x0000000089900000| Complete 
| 154|0x0000000089a00000, 0x0000000089b00000, 0x0000000089b00000|100%|HC|  |TAMS 0x0000000089a00000| PB 0x0000000089a00000| Complete 
| 155|0x0000000089b00000, 0x0000000089b00000, 0x0000000089c00000|  0%| F|  |TAMS 0x0000000089b00000| PB 0x0000000089b00000| Untracked 
| 156|0x0000000089c00000, 0x0000000089c00000, 0x0000000089d00000|  0%| F|  |TAMS 0x0000000089c00000| PB 0x0000000089c00000| Untracked 
| 157|0x0000000089d00000, 0x0000000089d00000, 0x0000000089e00000|  0%| F|  |TAMS 0x0000000089d00000| PB 0x0000000089d00000| Untracked 
| 158|0x0000000089e00000, 0x0000000089e00000, 0x0000000089f00000|  0%| F|  |TAMS 0x0000000089e00000| PB 0x0000000089e00000| Untracked 
| 159|0x0000000089f00000, 0x0000000089f00000, 0x000000008a000000|  0%| F|  |TAMS 0x0000000089f00000| PB 0x0000000089f00000| Untracked 
| 160|0x000000008a000000, 0x000000008a000000, 0x000000008a100000|  0%| F|  |TAMS 0x000000008a000000| PB 0x000000008a000000| Untracked 
| 161|0x000000008a100000, 0x000000008a100000, 0x000000008a200000|  0%| F|  |TAMS 0x000000008a100000| PB 0x000000008a100000| Untracked 
| 162|0x000000008a200000, 0x000000008a200000, 0x000000008a300000|  0%| F|  |TAMS 0x000000008a200000| PB 0x000000008a200000| Untracked 
| 163|0x000000008a300000, 0x000000008a300000, 0x000000008a400000|  0%| F|  |TAMS 0x000000008a300000| PB 0x000000008a300000| Untracked 
| 164|0x000000008a400000, 0x000000008a400000, 0x000000008a500000|  0%| F|  |TAMS 0x000000008a400000| PB 0x000000008a400000| Untracked 
| 165|0x000000008a500000, 0x000000008a600000, 0x000000008a600000|100%| O|  |TAMS 0x000000008a500000| PB 0x000000008a500000| Untracked 
| 166|0x000000008a600000, 0x000000008a600000, 0x000000008a700000|  0%| F|  |TAMS 0x000000008a600000| PB 0x000000008a600000| Untracked 
| 167|0x000000008a700000, 0x000000008a800000, 0x000000008a800000|100%| O|  |TAMS 0x000000008a700000| PB 0x000000008a700000| Untracked 
| 168|0x000000008a800000, 0x000000008a800000, 0x000000008a900000|  0%| F|  |TAMS 0x000000008a800000| PB 0x000000008a800000| Untracked 
| 169|0x000000008a900000, 0x000000008a900000, 0x000000008aa00000|  0%| F|  |TAMS 0x000000008a900000| PB 0x000000008a900000| Untracked 
| 170|0x000000008aa00000, 0x000000008aa00000, 0x000000008ab00000|  0%| F|  |TAMS 0x000000008aa00000| PB 0x000000008aa00000| Untracked 
| 171|0x000000008ab00000, 0x000000008ac00000, 0x000000008ac00000|100%| O|  |TAMS 0x000000008ab00000| PB 0x000000008ab00000| Untracked 
| 172|0x000000008ac00000, 0x000000008ac00000, 0x000000008ad00000|  0%| F|  |TAMS 0x000000008ac00000| PB 0x000000008ac00000| Untracked 
| 173|0x000000008ad00000, 0x000000008ad00000, 0x000000008ae00000|  0%| F|  |TAMS 0x000000008ad00000| PB 0x000000008ad00000| Untracked 
| 174|0x000000008ae00000, 0x000000008ae00000, 0x000000008af00000|  0%| F|  |TAMS 0x000000008ae00000| PB 0x000000008ae00000| Untracked 
| 175|0x000000008af00000, 0x000000008b000000, 0x000000008b000000|100%| O|  |TAMS 0x000000008af00000| PB 0x000000008af00000| Untracked 
| 176|0x000000008b000000, 0x000000008b100000, 0x000000008b100000|100%| O|Cm|TAMS 0x000000008b000000| PB 0x000000008b000000| Complete 
| 177|0x000000008b100000, 0x000000008b200000, 0x000000008b200000|100%| O|Cm|TAMS 0x000000008b100000| PB 0x000000008b100000| Complete 
| 178|0x000000008b200000, 0x000000008b300000, 0x000000008b300000|100%| O|  |TAMS 0x000000008b200000| PB 0x000000008b200000| Untracked 
| 179|0x000000008b300000, 0x000000008b400000, 0x000000008b400000|100%| O|Cm|TAMS 0x000000008b300000| PB 0x000000008b300000| Complete 
| 180|0x000000008b400000, 0x000000008b400000, 0x000000008b500000|  0%| F|  |TAMS 0x000000008b400000| PB 0x000000008b400000| Untracked 
| 181|0x000000008b500000, 0x000000008b500000, 0x000000008b600000|  0%| F|  |TAMS 0x000000008b500000| PB 0x000000008b500000| Untracked 
| 182|0x000000008b600000, 0x000000008b600000, 0x000000008b700000|  0%| F|  |TAMS 0x000000008b600000| PB 0x000000008b600000| Untracked 
| 183|0x000000008b700000, 0x000000008b800000, 0x000000008b800000|100%| O|Cm|TAMS 0x000000008b700000| PB 0x000000008b700000| Complete 
| 184|0x000000008b800000, 0x000000008b800000, 0x000000008b900000|  0%| F|  |TAMS 0x000000008b800000| PB 0x000000008b800000| Untracked 
| 185|0x000000008b900000, 0x000000008b900000, 0x000000008ba00000|  0%| F|  |TAMS 0x000000008b900000| PB 0x000000008b900000| Untracked 
| 186|0x000000008ba00000, 0x000000008bb00000, 0x000000008bb00000|100%| O|Cm|TAMS 0x000000008ba00000| PB 0x000000008ba00000| Complete 
| 187|0x000000008bb00000, 0x000000008bc00000, 0x000000008bc00000|100%| O|Cm|TAMS 0x000000008bb00000| PB 0x000000008bb00000| Complete 
| 188|0x000000008bc00000, 0x000000008bd00000, 0x000000008bd00000|100%| O|Cm|TAMS 0x000000008bc00000| PB 0x000000008bc00000| Complete 
| 189|0x000000008bd00000, 0x000000008be00000, 0x000000008be00000|100%| O|Cm|TAMS 0x000000008bd00000| PB 0x000000008bd00000| Complete 
| 190|0x000000008be00000, 0x000000008be00000, 0x000000008bf00000|  0%| F|  |TAMS 0x000000008be00000| PB 0x000000008be00000| Untracked 
| 191|0x000000008bf00000, 0x000000008bf00000, 0x000000008c000000|  0%| F|  |TAMS 0x000000008bf00000| PB 0x000000008bf00000| Untracked 
| 192|0x000000008c000000, 0x000000008c000000, 0x000000008c100000|  0%| F|  |TAMS 0x000000008c000000| PB 0x000000008c000000| Untracked 
| 193|0x000000008c100000, 0x000000008c200000, 0x000000008c200000|100%| O|Cm|TAMS 0x000000008c100000| PB 0x000000008c100000| Complete 
| 194|0x000000008c200000, 0x000000008c200000, 0x000000008c300000|  0%| F|  |TAMS 0x000000008c200000| PB 0x000000008c200000| Untracked 
| 195|0x000000008c300000, 0x000000008c400000, 0x000000008c400000|100%| O|  |TAMS 0x000000008c300000| PB 0x000000008c300000| Untracked 
| 196|0x000000008c400000, 0x000000008c400000, 0x000000008c500000|  0%| F|  |TAMS 0x000000008c400000| PB 0x000000008c400000| Untracked 
| 197|0x000000008c500000, 0x000000008c500000, 0x000000008c600000|  0%| F|  |TAMS 0x000000008c500000| PB 0x000000008c500000| Untracked 
| 198|0x000000008c600000, 0x000000008c600000, 0x000000008c700000|  0%| F|  |TAMS 0x000000008c600000| PB 0x000000008c600000| Untracked 
| 199|0x000000008c700000, 0x000000008c700000, 0x000000008c800000|  0%| F|  |TAMS 0x000000008c700000| PB 0x000000008c700000| Untracked 
| 200|0x000000008c800000, 0x000000008c900000, 0x000000008c900000|100%| O|Cm|TAMS 0x000000008c800000| PB 0x000000008c800000| Complete 
| 201|0x000000008c900000, 0x000000008ca00000, 0x000000008ca00000|100%| O|Cm|TAMS 0x000000008c900000| PB 0x000000008c900000| Complete 
| 202|0x000000008ca00000, 0x000000008ca00000, 0x000000008cb00000|  0%| F|  |TAMS 0x000000008ca00000| PB 0x000000008ca00000| Untracked 
| 203|0x000000008cb00000, 0x000000008cb00000, 0x000000008cc00000|  0%| F|  |TAMS 0x000000008cb00000| PB 0x000000008cb00000| Untracked 
| 204|0x000000008cc00000, 0x000000008cc00000, 0x000000008cd00000|  0%| F|  |TAMS 0x000000008cc00000| PB 0x000000008cc00000| Untracked 
| 205|0x000000008cd00000, 0x000000008cd00000, 0x000000008ce00000|  0%| F|  |TAMS 0x000000008cd00000| PB 0x000000008cd00000| Untracked 
| 206|0x000000008ce00000, 0x000000008ce00000, 0x000000008cf00000|  0%| F|  |TAMS 0x000000008ce00000| PB 0x000000008ce00000| Untracked 
| 207|0x000000008cf00000, 0x000000008cf00000, 0x000000008d000000|  0%| F|  |TAMS 0x000000008cf00000| PB 0x000000008cf00000| Untracked 
| 208|0x000000008d000000, 0x000000008d000000, 0x000000008d100000|  0%| F|  |TAMS 0x000000008d000000| PB 0x000000008d000000| Untracked 
| 209|0x000000008d100000, 0x000000008d100000, 0x000000008d200000|  0%| F|  |TAMS 0x000000008d100000| PB 0x000000008d100000| Untracked 
| 210|0x000000008d200000, 0x000000008d200000, 0x000000008d300000|  0%| F|  |TAMS 0x000000008d200000| PB 0x000000008d200000| Untracked 
| 211|0x000000008d300000, 0x000000008d400000, 0x000000008d400000|100%| O|Cm|TAMS 0x000000008d300000| PB 0x000000008d300000| Complete 
| 212|0x000000008d400000, 0x000000008d400000, 0x000000008d500000|  0%| F|  |TAMS 0x000000008d400000| PB 0x000000008d400000| Untracked 
| 213|0x000000008d500000, 0x000000008d500000, 0x000000008d600000|  0%| F|  |TAMS 0x000000008d500000| PB 0x000000008d500000| Untracked 
| 214|0x000000008d600000, 0x000000008d700000, 0x000000008d700000|100%| O|  |TAMS 0x000000008d600000| PB 0x000000008d600000| Untracked 
| 215|0x000000008d700000, 0x000000008d700000, 0x000000008d800000|  0%| F|  |TAMS 0x000000008d700000| PB 0x000000008d700000| Untracked 
| 216|0x000000008d800000, 0x000000008d900000, 0x000000008d900000|100%|HS|  |TAMS 0x000000008d800000| PB 0x000000008d800000| Complete 
| 217|0x000000008d900000, 0x000000008da00000, 0x000000008da00000|100%|HC|  |TAMS 0x000000008d900000| PB 0x000000008d900000| Complete 
| 218|0x000000008da00000, 0x000000008db00000, 0x000000008db00000|100%| O|  |TAMS 0x000000008da00000| PB 0x000000008da00000| Untracked 
| 219|0x000000008db00000, 0x000000008dc00000, 0x000000008dc00000|100%| O|  |TAMS 0x000000008db00000| PB 0x000000008db00000| Untracked 
| 220|0x000000008dc00000, 0x000000008dd00000, 0x000000008dd00000|100%| O|  |TAMS 0x000000008dc00000| PB 0x000000008dc00000| Untracked 
| 221|0x000000008dd00000, 0x000000008de00000, 0x000000008de00000|100%| O|  |TAMS 0x000000008dd00000| PB 0x000000008dd00000| Untracked 
| 222|0x000000008de00000, 0x000000008df00000, 0x000000008df00000|100%| O|  |TAMS 0x000000008de00000| PB 0x000000008de00000| Untracked 
| 223|0x000000008df00000, 0x000000008e000000, 0x000000008e000000|100%| O|Cm|TAMS 0x000000008df00000| PB 0x000000008df00000| Complete 
| 224|0x000000008e000000, 0x000000008e100000, 0x000000008e100000|100%| O|Cm|TAMS 0x000000008e000000| PB 0x000000008e000000| Complete 
| 225|0x000000008e100000, 0x000000008e200000, 0x000000008e200000|100%| O|Cm|TAMS 0x000000008e100000| PB 0x000000008e100000| Complete 
| 226|0x000000008e200000, 0x000000008e200000, 0x000000008e300000|  0%| F|  |TAMS 0x000000008e200000| PB 0x000000008e200000| Untracked 
| 227|0x000000008e300000, 0x000000008e400000, 0x000000008e400000|100%| O|  |TAMS 0x000000008e300000| PB 0x000000008e300000| Untracked 
| 228|0x000000008e400000, 0x000000008e500000, 0x000000008e500000|100%| O|  |TAMS 0x000000008e400000| PB 0x000000008e400000| Untracked 
| 229|0x000000008e500000, 0x000000008e500000, 0x000000008e600000|  0%| F|  |TAMS 0x000000008e500000| PB 0x000000008e500000| Untracked 
| 230|0x000000008e600000, 0x000000008e600000, 0x000000008e700000|  0%| F|  |TAMS 0x000000008e600000| PB 0x000000008e600000| Untracked 
| 231|0x000000008e700000, 0x000000008e700000, 0x000000008e800000|  0%| F|  |TAMS 0x000000008e700000| PB 0x000000008e700000| Untracked 
| 232|0x000000008e800000, 0x000000008e800000, 0x000000008e900000|  0%| F|  |TAMS 0x000000008e800000| PB 0x000000008e800000| Untracked 
| 233|0x000000008e900000, 0x000000008ea00000, 0x000000008ea00000|100%|HS|  |TAMS 0x000000008e900000| PB 0x000000008e900000| Complete 
| 234|0x000000008ea00000, 0x000000008eb00000, 0x000000008eb00000|100%|HC|  |TAMS 0x000000008ea00000| PB 0x000000008ea00000| Complete 
| 235|0x000000008eb00000, 0x000000008eb00000, 0x000000008ec00000|  0%| F|  |TAMS 0x000000008eb00000| PB 0x000000008eb00000| Untracked 
| 236|0x000000008ec00000, 0x000000008ed00000, 0x000000008ed00000|100%| O|Cm|TAMS 0x000000008ec00000| PB 0x000000008ec00000| Complete 
| 237|0x000000008ed00000, 0x000000008ed00000, 0x000000008ee00000|  0%| F|  |TAMS 0x000000008ed00000| PB 0x000000008ed00000| Untracked 
| 238|0x000000008ee00000, 0x000000008ee00000, 0x000000008ef00000|  0%| F|  |TAMS 0x000000008ee00000| PB 0x000000008ee00000| Untracked 
| 239|0x000000008ef00000, 0x000000008ef00000, 0x000000008f000000|  0%| F|  |TAMS 0x000000008ef00000| PB 0x000000008ef00000| Untracked 
| 240|0x000000008f000000, 0x000000008f000000, 0x000000008f100000|  0%| F|  |TAMS 0x000000008f000000| PB 0x000000008f000000| Untracked 
| 241|0x000000008f100000, 0x000000008f200000, 0x000000008f200000|100%| O|  |TAMS 0x000000008f100000| PB 0x000000008f100000| Untracked 
| 242|0x000000008f200000, 0x000000008f200000, 0x000000008f300000|  0%| F|  |TAMS 0x000000008f200000| PB 0x000000008f200000| Untracked 
| 243|0x000000008f300000, 0x000000008f300000, 0x000000008f400000|  0%| F|  |TAMS 0x000000008f300000| PB 0x000000008f300000| Untracked 
| 244|0x000000008f400000, 0x000000008f400000, 0x000000008f500000|  0%| F|  |TAMS 0x000000008f400000| PB 0x000000008f400000| Untracked 
| 245|0x000000008f500000, 0x000000008f500000, 0x000000008f600000|  0%| F|  |TAMS 0x000000008f500000| PB 0x000000008f500000| Untracked 
| 246|0x000000008f600000, 0x000000008f600000, 0x000000008f700000|  0%| F|  |TAMS 0x000000008f600000| PB 0x000000008f600000| Untracked 
| 247|0x000000008f700000, 0x000000008f700000, 0x000000008f800000|  0%| F|  |TAMS 0x000000008f700000| PB 0x000000008f700000| Untracked 
| 248|0x000000008f800000, 0x000000008f800000, 0x000000008f900000|  0%| F|  |TAMS 0x000000008f800000| PB 0x000000008f800000| Untracked 
| 249|0x000000008f900000, 0x000000008f900000, 0x000000008fa00000|  0%| F|  |TAMS 0x000000008f900000| PB 0x000000008f900000| Untracked 
| 250|0x000000008fa00000, 0x000000008fa00000, 0x000000008fb00000|  0%| F|  |TAMS 0x000000008fa00000| PB 0x000000008fa00000| Untracked 
| 251|0x000000008fb00000, 0x000000008fb00000, 0x000000008fc00000|  0%| F|  |TAMS 0x000000008fb00000| PB 0x000000008fb00000| Untracked 
| 252|0x000000008fc00000, 0x000000008fd00000, 0x000000008fd00000|100%| O|  |TAMS 0x000000008fc00000| PB 0x000000008fc00000| Untracked 
| 253|0x000000008fd00000, 0x000000008fe00000, 0x000000008fe00000|100%| O|Cm|TAMS 0x000000008fd00000| PB 0x000000008fd00000| Complete 
| 254|0x000000008fe00000, 0x000000008ff00000, 0x000000008ff00000|100%| O|Cm|TAMS 0x000000008fe00000| PB 0x000000008fe00000| Complete 
| 255|0x000000008ff00000, 0x0000000090000000, 0x0000000090000000|100%| O|Cm|TAMS 0x000000008ff00000| PB 0x000000008ff00000| Complete 
| 256|0x0000000090000000, 0x0000000090100000, 0x0000000090100000|100%| O|  |TAMS 0x0000000090000000| PB 0x0000000090000000| Untracked 
| 257|0x0000000090100000, 0x0000000090200000, 0x0000000090200000|100%| O|Cm|TAMS 0x0000000090100000| PB 0x0000000090100000| Complete 
| 258|0x0000000090200000, 0x0000000090300000, 0x0000000090300000|100%| O|Cm|TAMS 0x0000000090200000| PB 0x0000000090200000| Complete 
| 259|0x0000000090300000, 0x0000000090400000, 0x0000000090400000|100%| O|Cm|TAMS 0x0000000090300000| PB 0x0000000090300000| Complete 
| 260|0x0000000090400000, 0x0000000090400000, 0x0000000090500000|  0%| F|  |TAMS 0x0000000090400000| PB 0x0000000090400000| Untracked 
| 261|0x0000000090500000, 0x0000000090500000, 0x0000000090600000|  0%| F|  |TAMS 0x0000000090500000| PB 0x0000000090500000| Untracked 
| 262|0x0000000090600000, 0x0000000090600000, 0x0000000090700000|  0%| F|  |TAMS 0x0000000090600000| PB 0x0000000090600000| Untracked 
| 263|0x0000000090700000, 0x0000000090700000, 0x0000000090800000|  0%| F|  |TAMS 0x0000000090700000| PB 0x0000000090700000| Untracked 
| 264|0x0000000090800000, 0x0000000090800000, 0x0000000090900000|  0%| F|  |TAMS 0x0000000090800000| PB 0x0000000090800000| Untracked 
| 265|0x0000000090900000, 0x0000000090900000, 0x0000000090a00000|  0%| F|  |TAMS 0x0000000090900000| PB 0x0000000090900000| Untracked 
| 266|0x0000000090a00000, 0x0000000090a00000, 0x0000000090b00000|  0%| F|  |TAMS 0x0000000090a00000| PB 0x0000000090a00000| Untracked 
| 267|0x0000000090b00000, 0x0000000090b00000, 0x0000000090c00000|  0%| F|  |TAMS 0x0000000090b00000| PB 0x0000000090b00000| Untracked 
| 268|0x0000000090c00000, 0x0000000090c00000, 0x0000000090d00000|  0%| F|  |TAMS 0x0000000090c00000| PB 0x0000000090c00000| Untracked 
| 269|0x0000000090d00000, 0x0000000090d00000, 0x0000000090e00000|  0%| F|  |TAMS 0x0000000090d00000| PB 0x0000000090d00000| Untracked 
| 270|0x0000000090e00000, 0x0000000090f00000, 0x0000000090f00000|100%| O|Cm|TAMS 0x0000000090e00000| PB 0x0000000090e00000| Complete 
| 271|0x0000000090f00000, 0x0000000091000000, 0x0000000091000000|100%| O|Cm|TAMS 0x0000000090f00000| PB 0x0000000090f00000| Complete 
| 272|0x0000000091000000, 0x0000000091000000, 0x0000000091100000|  0%| F|  |TAMS 0x0000000091000000| PB 0x0000000091000000| Untracked 
| 273|0x0000000091100000, 0x0000000091200000, 0x0000000091200000|100%| O|Cm|TAMS 0x0000000091100000| PB 0x0000000091100000| Complete 
| 274|0x0000000091200000, 0x0000000091300000, 0x0000000091300000|100%| O|Cm|TAMS 0x0000000091200000| PB 0x0000000091200000| Complete 
| 275|0x0000000091300000, 0x0000000091300000, 0x0000000091400000|  0%| F|  |TAMS 0x0000000091300000| PB 0x0000000091300000| Untracked 
| 276|0x0000000091400000, 0x0000000091400000, 0x0000000091500000|  0%| F|  |TAMS 0x0000000091400000| PB 0x0000000091400000| Untracked 
| 277|0x0000000091500000, 0x0000000091500000, 0x0000000091600000|  0%| F|  |TAMS 0x0000000091500000| PB 0x0000000091500000| Untracked 
| 278|0x0000000091600000, 0x0000000091600000, 0x0000000091700000|  0%| F|  |TAMS 0x0000000091600000| PB 0x0000000091600000| Untracked 
| 279|0x0000000091700000, 0x0000000091700000, 0x0000000091800000|  0%| F|  |TAMS 0x0000000091700000| PB 0x0000000091700000| Untracked 
| 280|0x0000000091800000, 0x0000000091800000, 0x0000000091900000|  0%| F|  |TAMS 0x0000000091800000| PB 0x0000000091800000| Untracked 
| 281|0x0000000091900000, 0x0000000091900000, 0x0000000091a00000|  0%| F|  |TAMS 0x0000000091900000| PB 0x0000000091900000| Untracked 
| 282|0x0000000091a00000, 0x0000000091a00000, 0x0000000091b00000|  0%| F|  |TAMS 0x0000000091a00000| PB 0x0000000091a00000| Untracked 
| 283|0x0000000091b00000, 0x0000000091b00000, 0x0000000091c00000|  0%| F|  |TAMS 0x0000000091b00000| PB 0x0000000091b00000| Untracked 
| 284|0x0000000091c00000, 0x0000000091c00000, 0x0000000091d00000|  0%| F|  |TAMS 0x0000000091c00000| PB 0x0000000091c00000| Untracked 
| 285|0x0000000091d00000, 0x0000000091d00000, 0x0000000091e00000|  0%| F|  |TAMS 0x0000000091d00000| PB 0x0000000091d00000| Untracked 
| 286|0x0000000091e00000, 0x0000000091e00000, 0x0000000091f00000|  0%| F|  |TAMS 0x0000000091e00000| PB 0x0000000091e00000| Untracked 
| 287|0x0000000091f00000, 0x0000000091f00000, 0x0000000092000000|  0%| F|  |TAMS 0x0000000091f00000| PB 0x0000000091f00000| Untracked 
| 288|0x0000000092000000, 0x0000000092000000, 0x0000000092100000|  0%| F|  |TAMS 0x0000000092000000| PB 0x0000000092000000| Untracked 
| 289|0x0000000092100000, 0x0000000092100000, 0x0000000092200000|  0%| F|  |TAMS 0x0000000092100000| PB 0x0000000092100000| Untracked 
| 290|0x0000000092200000, 0x0000000092200000, 0x0000000092300000|  0%| F|  |TAMS 0x0000000092200000| PB 0x0000000092200000| Untracked 
| 291|0x0000000092300000, 0x0000000092300000, 0x0000000092400000|  0%| F|  |TAMS 0x0000000092300000| PB 0x0000000092300000| Untracked 
| 292|0x0000000092400000, 0x0000000092400000, 0x0000000092500000|  0%| F|  |TAMS 0x0000000092400000| PB 0x0000000092400000| Untracked 
| 293|0x0000000092500000, 0x0000000092500000, 0x0000000092600000|  0%| F|  |TAMS 0x0000000092500000| PB 0x0000000092500000| Untracked 
| 294|0x0000000092600000, 0x0000000092600000, 0x0000000092700000|  0%| F|  |TAMS 0x0000000092600000| PB 0x0000000092600000| Untracked 
| 295|0x0000000092700000, 0x0000000092700000, 0x0000000092800000|  0%| F|  |TAMS 0x0000000092700000| PB 0x0000000092700000| Untracked 
| 296|0x0000000092800000, 0x0000000092800000, 0x0000000092900000|  0%| F|  |TAMS 0x0000000092800000| PB 0x0000000092800000| Untracked 
| 297|0x0000000092900000, 0x0000000092900000, 0x0000000092a00000|  0%| F|  |TAMS 0x0000000092900000| PB 0x0000000092900000| Untracked 
| 298|0x0000000092a00000, 0x0000000092a00000, 0x0000000092b00000|  0%| F|  |TAMS 0x0000000092a00000| PB 0x0000000092a00000| Untracked 
| 299|0x0000000092b00000, 0x0000000092b00000, 0x0000000092c00000|  0%| F|  |TAMS 0x0000000092b00000| PB 0x0000000092b00000| Untracked 
| 300|0x0000000092c00000, 0x0000000092c00000, 0x0000000092d00000|  0%| F|  |TAMS 0x0000000092c00000| PB 0x0000000092c00000| Untracked 
| 301|0x0000000092d00000, 0x0000000092d00000, 0x0000000092e00000|  0%| F|  |TAMS 0x0000000092d00000| PB 0x0000000092d00000| Untracked 
| 302|0x0000000092e00000, 0x0000000092e00000, 0x0000000092f00000|  0%| F|  |TAMS 0x0000000092e00000| PB 0x0000000092e00000| Untracked 
| 303|0x0000000092f00000, 0x0000000092f00000, 0x0000000093000000|  0%| F|  |TAMS 0x0000000092f00000| PB 0x0000000092f00000| Untracked 
| 304|0x0000000093000000, 0x0000000093000000, 0x0000000093100000|  0%| F|  |TAMS 0x0000000093000000| PB 0x0000000093000000| Untracked 
| 305|0x0000000093100000, 0x0000000093100000, 0x0000000093200000|  0%| F|  |TAMS 0x0000000093100000| PB 0x0000000093100000| Untracked 
| 306|0x0000000093200000, 0x0000000093200000, 0x0000000093300000|  0%| F|  |TAMS 0x0000000093200000| PB 0x0000000093200000| Untracked 
| 307|0x0000000093300000, 0x0000000093300000, 0x0000000093400000|  0%| F|  |TAMS 0x0000000093300000| PB 0x0000000093300000| Untracked 
| 308|0x0000000093400000, 0x0000000093400000, 0x0000000093500000|  0%| F|  |TAMS 0x0000000093400000| PB 0x0000000093400000| Untracked 
| 309|0x0000000093500000, 0x0000000093500000, 0x0000000093600000|  0%| F|  |TAMS 0x0000000093500000| PB 0x0000000093500000| Untracked 
| 310|0x0000000093600000, 0x0000000093600000, 0x0000000093700000|  0%| F|  |TAMS 0x0000000093600000| PB 0x0000000093600000| Untracked 
| 311|0x0000000093700000, 0x0000000093700000, 0x0000000093800000|  0%| F|  |TAMS 0x0000000093700000| PB 0x0000000093700000| Untracked 
| 312|0x0000000093800000, 0x0000000093800000, 0x0000000093900000|  0%| F|  |TAMS 0x0000000093800000| PB 0x0000000093800000| Untracked 
| 313|0x0000000093900000, 0x0000000093900000, 0x0000000093a00000|  0%| F|  |TAMS 0x0000000093900000| PB 0x0000000093900000| Untracked 
| 314|0x0000000093a00000, 0x0000000093a00000, 0x0000000093b00000|  0%| F|  |TAMS 0x0000000093a00000| PB 0x0000000093a00000| Untracked 
| 315|0x0000000093b00000, 0x0000000093b00000, 0x0000000093c00000|  0%| F|  |TAMS 0x0000000093b00000| PB 0x0000000093b00000| Untracked 
| 316|0x0000000093c00000, 0x0000000093c00000, 0x0000000093d00000|  0%| F|  |TAMS 0x0000000093c00000| PB 0x0000000093c00000| Untracked 
| 317|0x0000000093d00000, 0x0000000093d00000, 0x0000000093e00000|  0%| F|  |TAMS 0x0000000093d00000| PB 0x0000000093d00000| Untracked 
| 318|0x0000000093e00000, 0x0000000093e00000, 0x0000000093f00000|  0%| F|  |TAMS 0x0000000093e00000| PB 0x0000000093e00000| Untracked 
| 319|0x0000000093f00000, 0x0000000093f00000, 0x0000000094000000|  0%| F|  |TAMS 0x0000000093f00000| PB 0x0000000093f00000| Untracked 
| 320|0x0000000094000000, 0x0000000094000000, 0x0000000094100000|  0%| F|  |TAMS 0x0000000094000000| PB 0x0000000094000000| Untracked 
| 321|0x0000000094100000, 0x0000000094100000, 0x0000000094200000|  0%| F|  |TAMS 0x0000000094100000| PB 0x0000000094100000| Untracked 
| 322|0x0000000094200000, 0x0000000094200000, 0x0000000094300000|  0%| F|  |TAMS 0x0000000094200000| PB 0x0000000094200000| Untracked 
| 323|0x0000000094300000, 0x0000000094300000, 0x0000000094400000|  0%| F|  |TAMS 0x0000000094300000| PB 0x0000000094300000| Untracked 
| 324|0x0000000094400000, 0x0000000094400000, 0x0000000094500000|  0%| F|  |TAMS 0x0000000094400000| PB 0x0000000094400000| Untracked 
| 325|0x0000000094500000, 0x0000000094500000, 0x0000000094600000|  0%| F|  |TAMS 0x0000000094500000| PB 0x0000000094500000| Untracked 
| 326|0x0000000094600000, 0x0000000094600000, 0x0000000094700000|  0%| F|  |TAMS 0x0000000094600000| PB 0x0000000094600000| Untracked 
| 327|0x0000000094700000, 0x0000000094700000, 0x0000000094800000|  0%| F|  |TAMS 0x0000000094700000| PB 0x0000000094700000| Untracked 
| 328|0x0000000094800000, 0x0000000094800000, 0x0000000094900000|  0%| F|  |TAMS 0x0000000094800000| PB 0x0000000094800000| Untracked 
| 329|0x0000000094900000, 0x0000000094900000, 0x0000000094a00000|  0%| F|  |TAMS 0x0000000094900000| PB 0x0000000094900000| Untracked 
| 330|0x0000000094a00000, 0x0000000094a00000, 0x0000000094b00000|  0%| F|  |TAMS 0x0000000094a00000| PB 0x0000000094a00000| Untracked 
| 331|0x0000000094b00000, 0x0000000094b00000, 0x0000000094c00000|  0%| F|  |TAMS 0x0000000094b00000| PB 0x0000000094b00000| Untracked 
| 332|0x0000000094c00000, 0x0000000094c00000, 0x0000000094d00000|  0%| F|  |TAMS 0x0000000094c00000| PB 0x0000000094c00000| Untracked 
| 333|0x0000000094d00000, 0x0000000094d00000, 0x0000000094e00000|  0%| F|  |TAMS 0x0000000094d00000| PB 0x0000000094d00000| Untracked 
| 334|0x0000000094e00000, 0x0000000094e00000, 0x0000000094f00000|  0%| F|  |TAMS 0x0000000094e00000| PB 0x0000000094e00000| Untracked 
| 335|0x0000000094f00000, 0x0000000094f00000, 0x0000000095000000|  0%| F|  |TAMS 0x0000000094f00000| PB 0x0000000094f00000| Untracked 
| 336|0x0000000095000000, 0x0000000095000000, 0x0000000095100000|  0%| F|  |TAMS 0x0000000095000000| PB 0x0000000095000000| Untracked 
| 337|0x0000000095100000, 0x0000000095100000, 0x0000000095200000|  0%| F|  |TAMS 0x0000000095100000| PB 0x0000000095100000| Untracked 
| 338|0x0000000095200000, 0x0000000095200000, 0x0000000095300000|  0%| F|  |TAMS 0x0000000095200000| PB 0x0000000095200000| Untracked 
| 339|0x0000000095300000, 0x0000000095300000, 0x0000000095400000|  0%| F|  |TAMS 0x0000000095300000| PB 0x0000000095300000| Untracked 
| 340|0x0000000095400000, 0x0000000095400000, 0x0000000095500000|  0%| F|  |TAMS 0x0000000095400000| PB 0x0000000095400000| Untracked 
| 341|0x0000000095500000, 0x0000000095500000, 0x0000000095600000|  0%| F|  |TAMS 0x0000000095500000| PB 0x0000000095500000| Untracked 
| 342|0x0000000095600000, 0x0000000095600000, 0x0000000095700000|  0%| F|  |TAMS 0x0000000095600000| PB 0x0000000095600000| Untracked 
| 343|0x0000000095700000, 0x0000000095700000, 0x0000000095800000|  0%| F|  |TAMS 0x0000000095700000| PB 0x0000000095700000| Untracked 
| 344|0x0000000095800000, 0x0000000095800000, 0x0000000095900000|  0%| F|  |TAMS 0x0000000095800000| PB 0x0000000095800000| Untracked 
| 345|0x0000000095900000, 0x0000000095900000, 0x0000000095a00000|  0%| F|  |TAMS 0x0000000095900000| PB 0x0000000095900000| Untracked 
| 346|0x0000000095a00000, 0x0000000095a00000, 0x0000000095b00000|  0%| F|  |TAMS 0x0000000095a00000| PB 0x0000000095a00000| Untracked 
| 347|0x0000000095b00000, 0x0000000095b00000, 0x0000000095c00000|  0%| F|  |TAMS 0x0000000095b00000| PB 0x0000000095b00000| Untracked 
| 348|0x0000000095c00000, 0x0000000095c00000, 0x0000000095d00000|  0%| F|  |TAMS 0x0000000095c00000| PB 0x0000000095c00000| Untracked 
| 349|0x0000000095d00000, 0x0000000095d00000, 0x0000000095e00000|  0%| F|  |TAMS 0x0000000095d00000| PB 0x0000000095d00000| Untracked 
| 350|0x0000000095e00000, 0x0000000095e00000, 0x0000000095f00000|  0%| F|  |TAMS 0x0000000095e00000| PB 0x0000000095e00000| Untracked 
| 351|0x0000000095f00000, 0x0000000095f00000, 0x0000000096000000|  0%| F|  |TAMS 0x0000000095f00000| PB 0x0000000095f00000| Untracked 
| 352|0x0000000096000000, 0x0000000096000000, 0x0000000096100000|  0%| F|  |TAMS 0x0000000096000000| PB 0x0000000096000000| Untracked 
| 353|0x0000000096100000, 0x0000000096100000, 0x0000000096200000|  0%| F|  |TAMS 0x0000000096100000| PB 0x0000000096100000| Untracked 
| 354|0x0000000096200000, 0x0000000096200000, 0x0000000096300000|  0%| F|  |TAMS 0x0000000096200000| PB 0x0000000096200000| Untracked 
| 355|0x0000000096300000, 0x0000000096300000, 0x0000000096400000|  0%| F|  |TAMS 0x0000000096300000| PB 0x0000000096300000| Untracked 
| 356|0x0000000096400000, 0x0000000096400000, 0x0000000096500000|  0%| F|  |TAMS 0x0000000096400000| PB 0x0000000096400000| Untracked 
| 357|0x0000000096500000, 0x0000000096500000, 0x0000000096600000|  0%| F|  |TAMS 0x0000000096500000| PB 0x0000000096500000| Untracked 
| 358|0x0000000096600000, 0x0000000096600000, 0x0000000096700000|  0%| F|  |TAMS 0x0000000096600000| PB 0x0000000096600000| Untracked 
| 359|0x0000000096700000, 0x0000000096700000, 0x0000000096800000|  0%| F|  |TAMS 0x0000000096700000| PB 0x0000000096700000| Untracked 
| 360|0x0000000096800000, 0x0000000096800000, 0x0000000096900000|  0%| F|  |TAMS 0x0000000096800000| PB 0x0000000096800000| Untracked 
| 361|0x0000000096900000, 0x0000000096900000, 0x0000000096a00000|  0%| F|  |TAMS 0x0000000096900000| PB 0x0000000096900000| Untracked 
| 362|0x0000000096a00000, 0x0000000096a00000, 0x0000000096b00000|  0%| F|  |TAMS 0x0000000096a00000| PB 0x0000000096a00000| Untracked 
| 363|0x0000000096b00000, 0x0000000096b00000, 0x0000000096c00000|  0%| F|  |TAMS 0x0000000096b00000| PB 0x0000000096b00000| Untracked 
| 364|0x0000000096c00000, 0x0000000096c00000, 0x0000000096d00000|  0%| F|  |TAMS 0x0000000096c00000| PB 0x0000000096c00000| Untracked 
| 365|0x0000000096d00000, 0x0000000096d00000, 0x0000000096e00000|  0%| F|  |TAMS 0x0000000096d00000| PB 0x0000000096d00000| Untracked 
| 366|0x0000000096e00000, 0x0000000096e00000, 0x0000000096f00000|  0%| F|  |TAMS 0x0000000096e00000| PB 0x0000000096e00000| Untracked 
| 367|0x0000000096f00000, 0x0000000096f00000, 0x0000000097000000|  0%| F|  |TAMS 0x0000000096f00000| PB 0x0000000096f00000| Untracked 
| 368|0x0000000097000000, 0x0000000097000000, 0x0000000097100000|  0%| F|  |TAMS 0x0000000097000000| PB 0x0000000097000000| Untracked 
| 369|0x0000000097100000, 0x0000000097100000, 0x0000000097200000|  0%| F|  |TAMS 0x0000000097100000| PB 0x0000000097100000| Untracked 
| 370|0x0000000097200000, 0x0000000097200000, 0x0000000097300000|  0%| F|  |TAMS 0x0000000097200000| PB 0x0000000097200000| Untracked 
| 371|0x0000000097300000, 0x0000000097300000, 0x0000000097400000|  0%| F|  |TAMS 0x0000000097300000| PB 0x0000000097300000| Untracked 
| 372|0x0000000097400000, 0x0000000097400000, 0x0000000097500000|  0%| F|  |TAMS 0x0000000097400000| PB 0x0000000097400000| Untracked 
| 373|0x0000000097500000, 0x0000000097500000, 0x0000000097600000|  0%| F|  |TAMS 0x0000000097500000| PB 0x0000000097500000| Untracked 
| 374|0x0000000097600000, 0x0000000097600000, 0x0000000097700000|  0%| F|  |TAMS 0x0000000097600000| PB 0x0000000097600000| Untracked 
| 375|0x0000000097700000, 0x0000000097700000, 0x0000000097800000|  0%| F|  |TAMS 0x0000000097700000| PB 0x0000000097700000| Untracked 
| 376|0x0000000097800000, 0x0000000097800000, 0x0000000097900000|  0%| F|  |TAMS 0x0000000097800000| PB 0x0000000097800000| Untracked 
| 377|0x0000000097900000, 0x0000000097900000, 0x0000000097a00000|  0%| F|  |TAMS 0x0000000097900000| PB 0x0000000097900000| Untracked 
| 378|0x0000000097a00000, 0x0000000097a00000, 0x0000000097b00000|  0%| F|  |TAMS 0x0000000097a00000| PB 0x0000000097a00000| Untracked 
| 379|0x0000000097b00000, 0x0000000097b00000, 0x0000000097c00000|  0%| F|  |TAMS 0x0000000097b00000| PB 0x0000000097b00000| Untracked 
| 380|0x0000000097c00000, 0x0000000097c00000, 0x0000000097d00000|  0%| F|  |TAMS 0x0000000097c00000| PB 0x0000000097c00000| Untracked 
| 381|0x0000000097d00000, 0x0000000097d00000, 0x0000000097e00000|  0%| F|  |TAMS 0x0000000097d00000| PB 0x0000000097d00000| Untracked 
| 382|0x0000000097e00000, 0x0000000097e00000, 0x0000000097f00000|  0%| F|  |TAMS 0x0000000097e00000| PB 0x0000000097e00000| Untracked 
| 383|0x0000000097f00000, 0x0000000097f00000, 0x0000000098000000|  0%| F|  |TAMS 0x0000000097f00000| PB 0x0000000097f00000| Untracked 
| 384|0x0000000098000000, 0x0000000098000000, 0x0000000098100000|  0%| F|  |TAMS 0x0000000098000000| PB 0x0000000098000000| Untracked 
| 385|0x0000000098100000, 0x0000000098100000, 0x0000000098200000|  0%| F|  |TAMS 0x0000000098100000| PB 0x0000000098100000| Untracked 
| 386|0x0000000098200000, 0x0000000098200000, 0x0000000098300000|  0%| F|  |TAMS 0x0000000098200000| PB 0x0000000098200000| Untracked 
| 387|0x0000000098300000, 0x0000000098300000, 0x0000000098400000|  0%| F|  |TAMS 0x0000000098300000| PB 0x0000000098300000| Untracked 
| 388|0x0000000098400000, 0x0000000098400000, 0x0000000098500000|  0%| F|  |TAMS 0x0000000098400000| PB 0x0000000098400000| Untracked 
| 389|0x0000000098500000, 0x0000000098500000, 0x0000000098600000|  0%| F|  |TAMS 0x0000000098500000| PB 0x0000000098500000| Untracked 
| 390|0x0000000098600000, 0x0000000098600000, 0x0000000098700000|  0%| F|  |TAMS 0x0000000098600000| PB 0x0000000098600000| Untracked 
| 391|0x0000000098700000, 0x0000000098700000, 0x0000000098800000|  0%| F|  |TAMS 0x0000000098700000| PB 0x0000000098700000| Untracked 
| 392|0x0000000098800000, 0x0000000098800000, 0x0000000098900000|  0%| F|  |TAMS 0x0000000098800000| PB 0x0000000098800000| Untracked 
| 393|0x0000000098900000, 0x0000000098900000, 0x0000000098a00000|  0%| F|  |TAMS 0x0000000098900000| PB 0x0000000098900000| Untracked 
| 394|0x0000000098a00000, 0x0000000098a00000, 0x0000000098b00000|  0%| F|  |TAMS 0x0000000098a00000| PB 0x0000000098a00000| Untracked 
| 395|0x0000000098b00000, 0x0000000098b00000, 0x0000000098c00000|  0%| F|  |TAMS 0x0000000098b00000| PB 0x0000000098b00000| Untracked 
| 396|0x0000000098c00000, 0x0000000098c00000, 0x0000000098d00000|  0%| F|  |TAMS 0x0000000098c00000| PB 0x0000000098c00000| Untracked 
| 397|0x0000000098d00000, 0x0000000098d00000, 0x0000000098e00000|  0%| F|  |TAMS 0x0000000098d00000| PB 0x0000000098d00000| Untracked 
| 398|0x0000000098e00000, 0x0000000098e00000, 0x0000000098f00000|  0%| F|  |TAMS 0x0000000098e00000| PB 0x0000000098e00000| Untracked 
| 399|0x0000000098f00000, 0x0000000098f00000, 0x0000000099000000|  0%| F|  |TAMS 0x0000000098f00000| PB 0x0000000098f00000| Untracked 
| 400|0x0000000099000000, 0x0000000099000000, 0x0000000099100000|  0%| F|  |TAMS 0x0000000099000000| PB 0x0000000099000000| Untracked 
| 401|0x0000000099100000, 0x0000000099100000, 0x0000000099200000|  0%| F|  |TAMS 0x0000000099100000| PB 0x0000000099100000| Untracked 
| 402|0x0000000099200000, 0x0000000099200000, 0x0000000099300000|  0%| F|  |TAMS 0x0000000099200000| PB 0x0000000099200000| Untracked 
| 403|0x0000000099300000, 0x0000000099300000, 0x0000000099400000|  0%| F|  |TAMS 0x0000000099300000| PB 0x0000000099300000| Untracked 
| 404|0x0000000099400000, 0x0000000099400000, 0x0000000099500000|  0%| F|  |TAMS 0x0000000099400000| PB 0x0000000099400000| Untracked 
| 405|0x0000000099500000, 0x0000000099500000, 0x0000000099600000|  0%| F|  |TAMS 0x0000000099500000| PB 0x0000000099500000| Untracked 
| 406|0x0000000099600000, 0x0000000099600000, 0x0000000099700000|  0%| F|  |TAMS 0x0000000099600000| PB 0x0000000099600000| Untracked 
| 407|0x0000000099700000, 0x0000000099700000, 0x0000000099800000|  0%| F|  |TAMS 0x0000000099700000| PB 0x0000000099700000| Untracked 
| 408|0x0000000099800000, 0x0000000099800000, 0x0000000099900000|  0%| F|  |TAMS 0x0000000099800000| PB 0x0000000099800000| Untracked 
| 409|0x0000000099900000, 0x0000000099900000, 0x0000000099a00000|  0%| F|  |TAMS 0x0000000099900000| PB 0x0000000099900000| Untracked 
| 410|0x0000000099a00000, 0x0000000099a00000, 0x0000000099b00000|  0%| F|  |TAMS 0x0000000099a00000| PB 0x0000000099a00000| Untracked 
| 411|0x0000000099b00000, 0x0000000099b00000, 0x0000000099c00000|  0%| F|  |TAMS 0x0000000099b00000| PB 0x0000000099b00000| Untracked 
| 412|0x0000000099c00000, 0x0000000099c00000, 0x0000000099d00000|  0%| F|  |TAMS 0x0000000099c00000| PB 0x0000000099c00000| Untracked 
| 413|0x0000000099d00000, 0x0000000099d733d8, 0x0000000099e00000| 45%| S|CS|TAMS 0x0000000099d00000| PB 0x0000000099d00000| Complete 
| 414|0x0000000099e00000, 0x0000000099f00000, 0x0000000099f00000|100%| S|CS|TAMS 0x0000000099e00000| PB 0x0000000099e00000| Complete 
| 415|0x0000000099f00000, 0x000000009a000000, 0x000000009a000000|100%| S|CS|TAMS 0x0000000099f00000| PB 0x0000000099f00000| Complete 
| 416|0x000000009a000000, 0x000000009a100000, 0x000000009a100000|100%| S|CS|TAMS 0x000000009a000000| PB 0x000000009a000000| Complete 
| 417|0x000000009a100000, 0x000000009a100000, 0x000000009a200000|  0%| F|  |TAMS 0x000000009a100000| PB 0x000000009a100000| Untracked 
| 418|0x000000009a200000, 0x000000009a200000, 0x000000009a300000|  0%| F|  |TAMS 0x000000009a200000| PB 0x000000009a200000| Untracked 
| 419|0x000000009a300000, 0x000000009a300000, 0x000000009a400000|  0%| F|  |TAMS 0x000000009a300000| PB 0x000000009a300000| Untracked 
| 420|0x000000009a400000, 0x000000009a400000, 0x000000009a500000|  0%| F|  |TAMS 0x000000009a400000| PB 0x000000009a400000| Untracked 
| 421|0x000000009a500000, 0x000000009a500000, 0x000000009a600000|  0%| F|  |TAMS 0x000000009a500000| PB 0x000000009a500000| Untracked 
| 422|0x000000009a600000, 0x000000009a600000, 0x000000009a700000|  0%| F|  |TAMS 0x000000009a600000| PB 0x000000009a600000| Untracked 
| 423|0x000000009a700000, 0x000000009a700000, 0x000000009a800000|  0%| F|  |TAMS 0x000000009a700000| PB 0x000000009a700000| Untracked 
| 424|0x000000009a800000, 0x000000009a800000, 0x000000009a900000|  0%| F|  |TAMS 0x000000009a800000| PB 0x000000009a800000| Untracked 
| 425|0x000000009a900000, 0x000000009a900000, 0x000000009aa00000|  0%| F|  |TAMS 0x000000009a900000| PB 0x000000009a900000| Untracked 
| 426|0x000000009aa00000, 0x000000009aa00000, 0x000000009ab00000|  0%| F|  |TAMS 0x000000009aa00000| PB 0x000000009aa00000| Untracked 
| 427|0x000000009ab00000, 0x000000009ab00000, 0x000000009ac00000|  0%| F|  |TAMS 0x000000009ab00000| PB 0x000000009ab00000| Untracked 
| 428|0x000000009ac00000, 0x000000009ac00000, 0x000000009ad00000|  0%| F|  |TAMS 0x000000009ac00000| PB 0x000000009ac00000| Untracked 
| 429|0x000000009ad00000, 0x000000009ad00000, 0x000000009ae00000|  0%| F|  |TAMS 0x000000009ad00000| PB 0x000000009ad00000| Untracked 
| 430|0x000000009ae00000, 0x000000009ae00000, 0x000000009af00000|  0%| F|  |TAMS 0x000000009ae00000| PB 0x000000009ae00000| Untracked 
| 431|0x000000009af00000, 0x000000009af00000, 0x000000009b000000|  0%| F|  |TAMS 0x000000009af00000| PB 0x000000009af00000| Untracked 
| 432|0x000000009b000000, 0x000000009b000000, 0x000000009b100000|  0%| F|  |TAMS 0x000000009b000000| PB 0x000000009b000000| Untracked 
| 433|0x000000009b100000, 0x000000009b100000, 0x000000009b200000|  0%| F|  |TAMS 0x000000009b100000| PB 0x000000009b100000| Untracked 
| 434|0x000000009b200000, 0x000000009b200000, 0x000000009b300000|  0%| F|  |TAMS 0x000000009b200000| PB 0x000000009b200000| Untracked 
| 435|0x000000009b300000, 0x000000009b300000, 0x000000009b400000|  0%| F|  |TAMS 0x000000009b300000| PB 0x000000009b300000| Untracked 
| 436|0x000000009b400000, 0x000000009b400000, 0x000000009b500000|  0%| F|  |TAMS 0x000000009b400000| PB 0x000000009b400000| Untracked 
| 437|0x000000009b500000, 0x000000009b500000, 0x000000009b600000|  0%| F|  |TAMS 0x000000009b500000| PB 0x000000009b500000| Untracked 
| 438|0x000000009b600000, 0x000000009b600000, 0x000000009b700000|  0%| F|  |TAMS 0x000000009b600000| PB 0x000000009b600000| Untracked 
| 439|0x000000009b700000, 0x000000009b700000, 0x000000009b800000|  0%| F|  |TAMS 0x000000009b700000| PB 0x000000009b700000| Untracked 
| 440|0x000000009b800000, 0x000000009b800000, 0x000000009b900000|  0%| F|  |TAMS 0x000000009b800000| PB 0x000000009b800000| Untracked 
| 441|0x000000009b900000, 0x000000009b900000, 0x000000009ba00000|  0%| F|  |TAMS 0x000000009b900000| PB 0x000000009b900000| Untracked 
| 442|0x000000009ba00000, 0x000000009ba00000, 0x000000009bb00000|  0%| F|  |TAMS 0x000000009ba00000| PB 0x000000009ba00000| Untracked 
| 443|0x000000009bb00000, 0x000000009bb00000, 0x000000009bc00000|  0%| F|  |TAMS 0x000000009bb00000| PB 0x000000009bb00000| Untracked 
| 444|0x000000009bc00000, 0x000000009bc00000, 0x000000009bd00000|  0%| F|  |TAMS 0x000000009bc00000| PB 0x000000009bc00000| Untracked 
| 445|0x000000009bd00000, 0x000000009bd00000, 0x000000009be00000|  0%| F|  |TAMS 0x000000009bd00000| PB 0x000000009bd00000| Untracked 
| 446|0x000000009be00000, 0x000000009be00000, 0x000000009bf00000|  0%| F|  |TAMS 0x000000009be00000| PB 0x000000009be00000| Untracked 
| 447|0x000000009bf00000, 0x000000009bf00000, 0x000000009c000000|  0%| F|  |TAMS 0x000000009bf00000| PB 0x000000009bf00000| Untracked 
| 448|0x000000009c000000, 0x000000009c000000, 0x000000009c100000|  0%| F|  |TAMS 0x000000009c000000| PB 0x000000009c000000| Untracked 
| 449|0x000000009c100000, 0x000000009c100000, 0x000000009c200000|  0%| F|  |TAMS 0x000000009c100000| PB 0x000000009c100000| Untracked 
| 450|0x000000009c200000, 0x000000009c200000, 0x000000009c300000|  0%| F|  |TAMS 0x000000009c200000| PB 0x000000009c200000| Untracked 
| 451|0x000000009c300000, 0x000000009c300000, 0x000000009c400000|  0%| F|  |TAMS 0x000000009c300000| PB 0x000000009c300000| Untracked 
| 452|0x000000009c400000, 0x000000009c400000, 0x000000009c500000|  0%| F|  |TAMS 0x000000009c400000| PB 0x000000009c400000| Untracked 
| 453|0x000000009c500000, 0x000000009c500000, 0x000000009c600000|  0%| F|  |TAMS 0x000000009c500000| PB 0x000000009c500000| Untracked 
| 454|0x000000009c600000, 0x000000009c600000, 0x000000009c700000|  0%| F|  |TAMS 0x000000009c600000| PB 0x000000009c600000| Untracked 
| 455|0x000000009c700000, 0x000000009c700000, 0x000000009c800000|  0%| F|  |TAMS 0x000000009c700000| PB 0x000000009c700000| Untracked 
| 456|0x000000009c800000, 0x000000009c800000, 0x000000009c900000|  0%| F|  |TAMS 0x000000009c800000| PB 0x000000009c800000| Untracked 
| 457|0x000000009c900000, 0x000000009c900000, 0x000000009ca00000|  0%| F|  |TAMS 0x000000009c900000| PB 0x000000009c900000| Untracked 
| 458|0x000000009ca00000, 0x000000009ca00000, 0x000000009cb00000|  0%| F|  |TAMS 0x000000009ca00000| PB 0x000000009ca00000| Untracked 
| 459|0x000000009cb00000, 0x000000009cb00000, 0x000000009cc00000|  0%| F|  |TAMS 0x000000009cb00000| PB 0x000000009cb00000| Untracked 
| 460|0x000000009cc00000, 0x000000009cc00000, 0x000000009cd00000|  0%| F|  |TAMS 0x000000009cc00000| PB 0x000000009cc00000| Untracked 
| 461|0x000000009cd00000, 0x000000009cd00000, 0x000000009ce00000|  0%| F|  |TAMS 0x000000009cd00000| PB 0x000000009cd00000| Untracked 
| 462|0x000000009ce00000, 0x000000009ce91ae0, 0x000000009cf00000| 56%| E|  |TAMS 0x000000009ce00000| PB 0x000000009ce00000| Complete 
| 463|0x000000009cf00000, 0x000000009d000000, 0x000000009d000000|100%| E|CS|TAMS 0x000000009cf00000| PB 0x000000009cf00000| Complete 
| 464|0x000000009d000000, 0x000000009d100000, 0x000000009d100000|100%| E|CS|TAMS 0x000000009d000000| PB 0x000000009d000000| Complete 
| 465|0x000000009d100000, 0x000000009d200000, 0x000000009d200000|100%| E|CS|TAMS 0x000000009d100000| PB 0x000000009d100000| Complete 
| 466|0x000000009d200000, 0x000000009d300000, 0x000000009d300000|100%| E|CS|TAMS 0x000000009d200000| PB 0x000000009d200000| Complete 
| 467|0x000000009d300000, 0x000000009d400000, 0x000000009d400000|100%| E|CS|TAMS 0x000000009d300000| PB 0x000000009d300000| Complete 
| 468|0x000000009d400000, 0x000000009d500000, 0x000000009d500000|100%| E|CS|TAMS 0x000000009d400000| PB 0x000000009d400000| Complete 
| 469|0x000000009d500000, 0x000000009d600000, 0x000000009d600000|100%| E|CS|TAMS 0x000000009d500000| PB 0x000000009d500000| Complete 
| 470|0x000000009d600000, 0x000000009d700000, 0x000000009d700000|100%| E|CS|TAMS 0x000000009d600000| PB 0x000000009d600000| Complete 
| 471|0x000000009d700000, 0x000000009d800000, 0x000000009d800000|100%| E|CS|TAMS 0x000000009d700000| PB 0x000000009d700000| Complete 
| 472|0x000000009d800000, 0x000000009d900000, 0x000000009d900000|100%| E|CS|TAMS 0x000000009d800000| PB 0x000000009d800000| Complete 
| 473|0x000000009d900000, 0x000000009da00000, 0x000000009da00000|100%| E|CS|TAMS 0x000000009d900000| PB 0x000000009d900000| Complete 
| 474|0x000000009da00000, 0x000000009db00000, 0x000000009db00000|100%| E|CS|TAMS 0x000000009da00000| PB 0x000000009da00000| Complete 
| 475|0x000000009db00000, 0x000000009dc00000, 0x000000009dc00000|100%| E|CS|TAMS 0x000000009db00000| PB 0x000000009db00000| Complete 
| 476|0x000000009dc00000, 0x000000009dd00000, 0x000000009dd00000|100%| E|CS|TAMS 0x000000009dc00000| PB 0x000000009dc00000| Complete 
| 477|0x000000009dd00000, 0x000000009de00000, 0x000000009de00000|100%| E|CS|TAMS 0x000000009dd00000| PB 0x000000009dd00000| Complete 
| 478|0x000000009de00000, 0x000000009df00000, 0x000000009df00000|100%| E|CS|TAMS 0x000000009de00000| PB 0x000000009de00000| Complete 
| 479|0x000000009df00000, 0x000000009e000000, 0x000000009e000000|100%| E|CS|TAMS 0x000000009df00000| PB 0x000000009df00000| Complete 
| 480|0x000000009e000000, 0x000000009e100000, 0x000000009e100000|100%| E|CS|TAMS 0x000000009e000000| PB 0x000000009e000000| Complete 
| 481|0x000000009e100000, 0x000000009e200000, 0x000000009e200000|100%| E|CS|TAMS 0x000000009e100000| PB 0x000000009e100000| Complete 
| 482|0x000000009e200000, 0x000000009e300000, 0x000000009e300000|100%| E|CS|TAMS 0x000000009e200000| PB 0x000000009e200000| Complete 
| 483|0x000000009e300000, 0x000000009e400000, 0x000000009e400000|100%| E|CS|TAMS 0x000000009e300000| PB 0x000000009e300000| Complete 
| 484|0x000000009e400000, 0x000000009e500000, 0x000000009e500000|100%| E|CS|TAMS 0x000000009e400000| PB 0x000000009e400000| Complete 
| 485|0x000000009e500000, 0x000000009e600000, 0x000000009e600000|100%| E|CS|TAMS 0x000000009e500000| PB 0x000000009e500000| Complete 
| 486|0x000000009e600000, 0x000000009e700000, 0x000000009e700000|100%| E|CS|TAMS 0x000000009e600000| PB 0x000000009e600000| Complete 
|1992|0x00000000fc800000, 0x00000000fc900000, 0x00000000fc900000|100%| O|Cm|TAMS 0x00000000fc800000| PB 0x00000000fc800000| Complete 
|1993|0x00000000fc900000, 0x00000000fca00000, 0x00000000fca00000|100%| O|Cm|TAMS 0x00000000fc900000| PB 0x00000000fc900000| Complete 
|1994|0x00000000fca00000, 0x00000000fcb00000, 0x00000000fcb00000|100%| O|  |TAMS 0x00000000fca00000| PB 0x00000000fca00000| Untracked 
|1995|0x00000000fcb00000, 0x00000000fcc00000, 0x00000000fcc00000|100%| O|Cm|TAMS 0x00000000fcb00000| PB 0x00000000fcb00000| Complete 
|1996|0x00000000fcc00000, 0x00000000fcd00000, 0x00000000fcd00000|100%| O|Cm|TAMS 0x00000000fcc00000| PB 0x00000000fcc00000| Complete 
|1997|0x00000000fcd00000, 0x00000000fce00000, 0x00000000fce00000|100%| O|  |TAMS 0x00000000fcd00000| PB 0x00000000fcd00000| Untracked 
|1998|0x00000000fce00000, 0x00000000fcf00000, 0x00000000fcf00000|100%| O|Cm|TAMS 0x00000000fce00000| PB 0x00000000fce00000| Complete 
|1999|0x00000000fcf00000, 0x00000000fd000000, 0x00000000fd000000|100%| O|  |TAMS 0x00000000fcf00000| PB 0x00000000fcf00000| Untracked 
|2000|0x00000000fd000000, 0x00000000fd100000, 0x00000000fd100000|100%| O|Cm|TAMS 0x00000000fd000000| PB 0x00000000fd000000| Complete 
|2001|0x00000000fd100000, 0x00000000fd200000, 0x00000000fd200000|100%| O|  |TAMS 0x00000000fd100000| PB 0x00000000fd100000| Untracked 
|2002|0x00000000fd200000, 0x00000000fd300000, 0x00000000fd300000|100%| O|Cm|TAMS 0x00000000fd200000| PB 0x00000000fd200000| Complete 
|2003|0x00000000fd300000, 0x00000000fd400000, 0x00000000fd400000|100%| O|  |TAMS 0x00000000fd300000| PB 0x00000000fd300000| Untracked 
|2004|0x00000000fd400000, 0x00000000fd500000, 0x00000000fd500000|100%| O|Cm|TAMS 0x00000000fd400000| PB 0x00000000fd400000| Complete 
|2005|0x00000000fd500000, 0x00000000fd600000, 0x00000000fd600000|100%| O|  |TAMS 0x00000000fd500000| PB 0x00000000fd500000| Untracked 
|2006|0x00000000fd600000, 0x00000000fd700000, 0x00000000fd700000|100%| O|  |TAMS 0x00000000fd600000| PB 0x00000000fd600000| Untracked 
|2007|0x00000000fd700000, 0x00000000fd800000, 0x00000000fd800000|100%| O|Cm|TAMS 0x00000000fd700000| PB 0x00000000fd700000| Complete 
|2008|0x00000000fd800000, 0x00000000fd900000, 0x00000000fd900000|100%| O|Cm|TAMS 0x00000000fd800000| PB 0x00000000fd800000| Complete 
|2009|0x00000000fd900000, 0x00000000fda00000, 0x00000000fda00000|100%| O|  |TAMS 0x00000000fd900000| PB 0x00000000fd900000| Untracked 
|2010|0x00000000fda00000, 0x00000000fdb00000, 0x00000000fdb00000|100%| O|Cm|TAMS 0x00000000fda00000| PB 0x00000000fda00000| Complete 
|2011|0x00000000fdb00000, 0x00000000fdc00000, 0x00000000fdc00000|100%| O|Cm|TAMS 0x00000000fdb00000| PB 0x00000000fdb00000| Complete 
|2012|0x00000000fdc00000, 0x00000000fdd00000, 0x00000000fdd00000|100%| O|Cm|TAMS 0x00000000fdc00000| PB 0x00000000fdc00000| Complete 
|2013|0x00000000fdd00000, 0x00000000fde00000, 0x00000000fde00000|100%| O|Cm|TAMS 0x00000000fdd00000| PB 0x00000000fdd00000| Complete 
|2014|0x00000000fde00000, 0x00000000fdf00000, 0x00000000fdf00000|100%| O|Cm|TAMS 0x00000000fde00000| PB 0x00000000fde00000| Complete 
|2015|0x00000000fdf00000, 0x00000000fe000000, 0x00000000fe000000|100%| E|CS|TAMS 0x00000000fdf00000| PB 0x00000000fdf00000| Complete 
|2016|0x00000000fe000000, 0x00000000fe100000, 0x00000000fe100000|100%| E|CS|TAMS 0x00000000fe000000| PB 0x00000000fe000000| Complete 
|2017|0x00000000fe100000, 0x00000000fe200000, 0x00000000fe200000|100%| E|CS|TAMS 0x00000000fe100000| PB 0x00000000fe100000| Complete 
|2018|0x00000000fe200000, 0x00000000fe300000, 0x00000000fe300000|100%| E|CS|TAMS 0x00000000fe200000| PB 0x00000000fe200000| Complete 
|2019|0x00000000fe300000, 0x00000000fe400000, 0x00000000fe400000|100%| E|CS|TAMS 0x00000000fe300000| PB 0x00000000fe300000| Complete 
|2020|0x00000000fe400000, 0x00000000fe500000, 0x00000000fe500000|100%| E|CS|TAMS 0x00000000fe400000| PB 0x00000000fe400000| Complete 
|2021|0x00000000fe500000, 0x00000000fe600000, 0x00000000fe600000|100%| E|CS|TAMS 0x00000000fe500000| PB 0x00000000fe500000| Complete 
|2022|0x00000000fe600000, 0x00000000fe700000, 0x00000000fe700000|100%| E|CS|TAMS 0x00000000fe600000| PB 0x00000000fe600000| Complete 
|2023|0x00000000fe700000, 0x00000000fe800000, 0x00000000fe800000|100%| E|CS|TAMS 0x00000000fe700000| PB 0x00000000fe700000| Complete 
|2024|0x00000000fe800000, 0x00000000fe900000, 0x00000000fe900000|100%| E|CS|TAMS 0x00000000fe800000| PB 0x00000000fe800000| Complete 
|2025|0x00000000fe900000, 0x00000000fea00000, 0x00000000fea00000|100%| E|CS|TAMS 0x00000000fe900000| PB 0x00000000fe900000| Complete 
|2026|0x00000000fea00000, 0x00000000feb00000, 0x00000000feb00000|100%| E|CS|TAMS 0x00000000fea00000| PB 0x00000000fea00000| Complete 
|2027|0x00000000feb00000, 0x00000000fec00000, 0x00000000fec00000|100%| E|CS|TAMS 0x00000000feb00000| PB 0x00000000feb00000| Complete 
|2028|0x00000000fec00000, 0x00000000fed00000, 0x00000000fed00000|100%| E|CS|TAMS 0x00000000fec00000| PB 0x00000000fec00000| Complete 
|2029|0x00000000fed00000, 0x00000000fee00000, 0x00000000fee00000|100%| E|CS|TAMS 0x00000000fed00000| PB 0x00000000fed00000| Complete 
|2030|0x00000000fee00000, 0x00000000fef00000, 0x00000000fef00000|100%| E|CS|TAMS 0x00000000fee00000| PB 0x00000000fee00000| Complete 
|2031|0x00000000fef00000, 0x00000000ff000000, 0x00000000ff000000|100%| E|CS|TAMS 0x00000000fef00000| PB 0x00000000fef00000| Complete 
|2032|0x00000000ff000000, 0x00000000ff100000, 0x00000000ff100000|100%| O|Cm|TAMS 0x00000000ff000000| PB 0x00000000ff000000| Complete 
|2033|0x00000000ff100000, 0x00000000ff200000, 0x00000000ff200000|100%| E|CS|TAMS 0x00000000ff100000| PB 0x00000000ff100000| Complete 
|2034|0x00000000ff200000, 0x00000000ff300000, 0x00000000ff300000|100%| E|CS|TAMS 0x00000000ff200000| PB 0x00000000ff200000| Complete 
|2035|0x00000000ff300000, 0x00000000ff400000, 0x00000000ff400000|100%| O|Cm|TAMS 0x00000000ff300000| PB 0x00000000ff300000| Complete 
|2036|0x00000000ff400000, 0x00000000ff500000, 0x00000000ff500000|100%| O|Cm|TAMS 0x00000000ff400000| PB 0x00000000ff400000| Complete 
|2037|0x00000000ff500000, 0x00000000ff600000, 0x00000000ff600000|100%| O|Cm|TAMS 0x00000000ff500000| PB 0x00000000ff500000| Complete 
|2038|0x00000000ff600000, 0x00000000ff700000, 0x00000000ff700000|100%| E|CS|TAMS 0x00000000ff600000| PB 0x00000000ff600000| Complete 
|2039|0x00000000ff700000, 0x00000000ff800000, 0x00000000ff800000|100%| E|CS|TAMS 0x00000000ff700000| PB 0x00000000ff700000| Complete 
|2040|0x00000000ff800000, 0x00000000ff900000, 0x00000000ff900000|100%| O|Cm|TAMS 0x00000000ff800000| PB 0x00000000ff800000| Complete 
|2041|0x00000000ff900000, 0x00000000ffa00000, 0x00000000ffa00000|100%| E|CS|TAMS 0x00000000ff900000| PB 0x00000000ff900000| Complete 
|2042|0x00000000ffa00000, 0x00000000ffb00000, 0x00000000ffb00000|100%| O|  |TAMS 0x00000000ffa00000| PB 0x00000000ffa00000| Untracked 
|2043|0x00000000ffb00000, 0x00000000ffc00000, 0x00000000ffc00000|100%| E|CS|TAMS 0x00000000ffb00000| PB 0x00000000ffb00000| Complete 
|2044|0x00000000ffc00000, 0x00000000ffd00000, 0x00000000ffd00000|100%| O|  |TAMS 0x00000000ffc00000| PB 0x00000000ffc00000| Untracked 
|2045|0x00000000ffd00000, 0x00000000ffe00000, 0x00000000ffe00000|100%| O|  |TAMS 0x00000000ffd00000| PB 0x00000000ffd00000| Untracked 
|2046|0x00000000ffe00000, 0x00000000fff00000, 0x00000000fff00000|100%| E|  |TAMS 0x00000000ffe00000| PB 0x00000000ffe00000| Complete 
|2047|0x00000000fff00000, 0x0000000100000000, 0x0000000100000000|100%| O|  |TAMS 0x00000000fff00000| PB 0x00000000fff00000| Untracked 

Card table byte_map: [0x000001b87e370000,0x000001b87e770000] _byte_map_base: 0x000001b87df70000

Marking Bits: (CMBitMap*) 0x000001b86bb3fcb0
 Bits: [0x000001b800000000, 0x000001b802000000)

Polling page: 0x000001b869720000

Metaspace:

Usage:
  Non-class:    144.22 MB used.
      Class:     21.30 MB used.
       Both:    165.52 MB used.

Virtual space:
  Non-class space:      192.00 MB reserved,     147.69 MB ( 77%) committed,  3 nodes.
      Class space:        1.00 GB reserved,      23.25 MB (  2%) committed,  1 nodes.
             Both:        1.19 GB reserved,     170.94 MB ( 14%) committed. 

Chunk freelists:
   Non-Class:  14.89 MB
       Class:  10.08 MB
        Both:  24.97 MB

MaxMetaspaceSize: unlimited
CompressedClassSpaceSize: 1.00 GB
Initial GC threshold: 21.00 MB
Current GC threshold: 284.81 MB
CDS: off
 - commit_granule_bytes: 65536.
 - commit_granule_words: 8192.
 - virtual_space_node_default_size: 8388608.
 - enlarge_chunks_in_place: 1.
 - use_allocation_guard: 0.


Internal statistics:

num_allocs_failed_limit: 9.
num_arena_births: 4806.
num_arena_deaths: 2630.
num_vsnodes_births: 4.
num_vsnodes_deaths: 0.
num_space_committed: 2732.
num_space_uncommitted: 2.
num_chunks_returned_to_freelist: 3019.
num_chunks_taken_from_freelist: 12071.
num_chunk_merges: 1076.
num_chunk_splits: 8052.
num_chunks_enlarged: 5285.
num_inconsistent_stats: 0.

CodeHeap 'non-profiled nmethods': size=120000Kb used=18098Kb max_used=19640Kb free=101901Kb
 bounds [0x000001b876710000, 0x000001b877a40000, 0x000001b87dc40000]
CodeHeap 'profiled nmethods': size=120000Kb used=50443Kb max_used=56562Kb free=69557Kb
 bounds [0x000001b86ec40000, 0x000001b872380000, 0x000001b876170000]
CodeHeap 'non-nmethods': size=5760Kb used=3023Kb max_used=3129Kb free=2736Kb
 bounds [0x000001b876170000, 0x000001b876490000, 0x000001b876710000]
 total_blobs=25969 nmethods=24870 adapters=1000
 compilation: enabled
              stopped_count=0, restarted_count=0
 full_count=0

Compilation events (20 events):
Event: 3650.181 Thread 0x000001b81427b9d0 32632       4       com.google.common.cache.LocalCache::recordsAccess (5 bytes)
Event: 3650.181 Thread 0x000001b87f3fa9b0 nmethod 32664 0x000001b86ec55a90 code [0x000001b86ec55c60, 0x000001b86ec55ff8]
Event: 3650.181 Thread 0x000001b81427b9d0 nmethod 32632 0x000001b8767a3110 code [0x000001b8767a32a0, 0x000001b8767a3340]
Event: 3650.181 Thread 0x000001b81427b9d0 32665       4       org.gradle.internal.serialize.graph.codecs.BindingsBuilder::bind (177 bytes)
Event: 3650.182 Thread 0x000001b87f3fa9b0 32666       1       org.gradle.internal.reflect.MutableClassDetails::getAllMethods (5 bytes)
Event: 3650.182 Thread 0x000001b87f3fa9b0 nmethod 32666 0x000001b8767e1010 code [0x000001b8767e11a0, 0x000001b8767e1268]
Event: 3650.182 Thread 0x000001b87f3fa9b0 32667       3       org.gradle.internal.serialize.beans.services.Workarounds::isIgnoredBeanField (70 bytes)
Event: 3650.183 Thread 0x000001b87f3fa9b0 nmethod 32667 0x000001b86efbf410 code [0x000001b86efbf6c0, 0x000001b86efc01f0]
Event: 3650.183 Thread 0x000001b87f3fa9b0 32668       3       org.gradle.internal.serialize.graph.DefaultWriteContext::write (35 bytes)
Event: 3650.184 Thread 0x000001b87f3fa9b0 nmethod 32668 0x000001b86ece6110 code [0x000001b86ece62e0, 0x000001b86ece65a0]
Event: 3650.184 Thread 0x000001b87f3fa9b0 32669   !   3       org.gradle.internal.serialize.graph.codecs.BindingsBackedCodec::encode (415 bytes)
Event: 3650.186 Thread 0x000001b87f3fa9b0 nmethod 32669 0x000001b86fc05010 code [0x000001b86fc053e0, 0x000001b86fc071e8]
Event: 3650.186 Thread 0x000001b87f3fa9b0 32671       3       org.gradle.internal.event.DefaultListenerManager::registrationProvides (46 bytes)
Event: 3650.187 Thread 0x000001b87f3fa9b0 nmethod 32671 0x000001b86f264510 code [0x000001b86f264720, 0x000001b86f264dc0]
Event: 3650.187 Thread 0x000001b87f3fa9b0 32670   !   3       org.gradle.internal.serialize.graph.BeanPropertyExtensionsKt::writePropertyValue (338 bytes)
Event: 3650.191 Thread 0x000001b87f3fa9b0 nmethod 32670 0x000001b86f049190 code [0x000001b86f049700, 0x000001b86f04cc90]
Event: 3650.192 Thread 0x000001b87f3fa9b0 32672       1       org.gradle.api.internal.plugins.DefaultPluginManager::access$300 (5 bytes)
Event: 3650.192 Thread 0x000001b87f3fa9b0 nmethod 32672 0x000001b8767e2f10 code [0x000001b8767e30a0, 0x000001b8767e3150]
Event: 3650.195 Thread 0x000001b87f3fa9b0 32673       3       org.gradle.api.internal.attributes.DefaultAttributeMatchingStrategy::getCompatibilityRules (5 bytes)
Event: 3650.195 Thread 0x000001b87f3fa9b0 nmethod 32673 0x000001b86ecc7110 code [0x000001b86ecc72c0, 0x000001b86ecc7480]

GC Heap History (20 events):
Event: 24.806 GC heap before
{Heap before GC invocations=67 (full 0):
 garbage-first heap   total 406528K, used 356627K [0x0000000080000000, 0x0000000100000000)
  region size 1024K, 109 young (111616K), 12 survivors (12288K)
 Metaspace       used 145721K, committed 148096K, reserved 1179648K
  class space    used 19755K, committed 20928K, reserved 1048576K
}
Event: 24.825 GC heap after
{Heap after GC invocations=68 (full 0):
 garbage-first heap   total 406528K, used 260911K [0x0000000080000000, 0x0000000100000000)
  region size 1024K, 8 young (8192K), 8 survivors (8192K)
 Metaspace       used 145721K, committed 148096K, reserved 1179648K
  class space    used 19755K, committed 20928K, reserved 1048576K
}
Event: 24.928 GC heap before
{Heap before GC invocations=68 (full 0):
 garbage-first heap   total 406528K, used 276271K [0x0000000080000000, 0x0000000100000000)
  region size 1024K, 25 young (25600K), 8 survivors (8192K)
 Metaspace       used 147376K, committed 149760K, reserved 1179648K
  class space    used 19962K, committed 21120K, reserved 1048576K
}
Event: 24.937 GC heap after
{Heap after GC invocations=69 (full 0):
 garbage-first heap   total 406528K, used 262799K [0x0000000080000000, 0x0000000100000000)
  region size 1024K, 2 young (2048K), 2 survivors (2048K)
 Metaspace       used 147376K, committed 149760K, reserved 1179648K
  class space    used 19962K, committed 21120K, reserved 1048576K
}
Event: 25.790 GC heap before
{Heap before GC invocations=70 (full 0):
 garbage-first heap   total 447488K, used 381583K [0x0000000080000000, 0x0000000100000000)
  region size 1024K, 100 young (102400K), 2 survivors (2048K)
 Metaspace       used 149477K, committed 151808K, reserved 1179648K
  class space    used 20166K, committed 21312K, reserved 1048576K
}
Event: 25.807 GC heap after
{Heap after GC invocations=71 (full 0):
 garbage-first heap   total 447488K, used 294539K [0x0000000080000000, 0x0000000100000000)
  region size 1024K, 13 young (13312K), 13 survivors (13312K)
 Metaspace       used 149477K, committed 151808K, reserved 1179648K
  class space    used 20166K, committed 21312K, reserved 1048576K
}
Event: 26.214 GC heap before
{Heap before GC invocations=71 (full 0):
 garbage-first heap   total 447488K, used 408203K [0x0000000080000000, 0x0000000100000000)
  region size 1024K, 113 young (115712K), 13 survivors (13312K)
 Metaspace       used 150678K, committed 153088K, reserved 1245184K
  class space    used 20307K, committed 21504K, reserved 1048576K
}
Event: 26.238 GC heap after
{Heap after GC invocations=72 (full 0):
 garbage-first heap   total 528384K, used 309855K [0x0000000080000000, 0x0000000100000000)
  region size 1024K, 13 young (13312K), 13 survivors (13312K)
 Metaspace       used 150678K, committed 153088K, reserved 1245184K
  class space    used 20307K, committed 21504K, reserved 1048576K
}
Event: 27.456 GC heap before
{Heap before GC invocations=72 (full 0):
 garbage-first heap   total 528384K, used 463455K [0x0000000080000000, 0x0000000100000000)
  region size 1024K, 141 young (144384K), 13 survivors (13312K)
 Metaspace       used 154859K, committed 157248K, reserved 1245184K
  class space    used 20753K, committed 21952K, reserved 1048576K
}
Event: 27.476 GC heap after
{Heap after GC invocations=73 (full 0):
 garbage-first heap   total 528384K, used 310581K [0x0000000080000000, 0x0000000100000000)
  region size 1024K, 14 young (14336K), 14 survivors (14336K)
 Metaspace       used 154859K, committed 157248K, reserved 1245184K
  class space    used 20753K, committed 21952K, reserved 1048576K
}
Event: 28.220 GC heap before
{Heap before GC invocations=73 (full 0):
 garbage-first heap   total 528384K, used 409909K [0x0000000080000000, 0x0000000100000000)
  region size 1024K, 113 young (115712K), 14 survivors (14336K)
 Metaspace       used 160475K, committed 163008K, reserved 1245184K
  class space    used 21582K, committed 22848K, reserved 1048576K
}
Event: 28.236 GC heap after
{Heap after GC invocations=74 (full 0):
 garbage-first heap   total 528384K, used 315268K [0x0000000080000000, 0x0000000100000000)
  region size 1024K, 7 young (7168K), 7 survivors (7168K)
 Metaspace       used 160475K, committed 163008K, reserved 1245184K
  class space    used 21582K, committed 22848K, reserved 1048576K
}
Event: 30.629 GC heap before
{Heap before GC invocations=75 (full 0):
 garbage-first heap   total 528384K, used 482180K [0x0000000080000000, 0x0000000100000000)
  region size 1024K, 168 young (172032K), 7 survivors (7168K)
 Metaspace       used 167799K, committed 170240K, reserved 1245184K
  class space    used 22271K, committed 23488K, reserved 1048576K
}
Event: 30.637 GC heap after
{Heap after GC invocations=76 (full 0):
 garbage-first heap   total 528384K, used 277024K [0x0000000080000000, 0x0000000100000000)
  region size 1024K, 7 young (7168K), 7 survivors (7168K)
 Metaspace       used 167799K, committed 170240K, reserved 1245184K
  class space    used 22271K, committed 23488K, reserved 1048576K
}
Event: 2035.261 GC heap before
{Heap before GC invocations=76 (full 0):
 garbage-first heap   total 528384K, used 494112K [0x0000000080000000, 0x0000000100000000)
  region size 1024K, 214 young (219136K), 7 survivors (7168K)
 Metaspace       used 171115K, committed 173632K, reserved 1245184K
  class space    used 22497K, committed 23744K, reserved 1048576K
}
Event: 2035.332 GC heap after
{Heap after GC invocations=77 (full 0):
 garbage-first heap   total 532480K, used 257540K [0x0000000080000000, 0x0000000100000000)
  region size 1024K, 27 young (27648K), 27 survivors (27648K)
 Metaspace       used 171115K, committed 173632K, reserved 1245184K
  class space    used 22497K, committed 23744K, reserved 1048576K
}
Event: 3494.411 GC heap before
{Heap before GC invocations=77 (full 0):
 garbage-first heap   total 532480K, used 495108K [0x0000000080000000, 0x0000000100000000)
  region size 1024K, 242 young (247808K), 27 survivors (27648K)
 Metaspace       used 172298K, committed 174848K, reserved 1245184K
  class space    used 22543K, committed 23808K, reserved 1048576K
}
Event: 3494.476 GC heap after
{Heap after GC invocations=78 (full 0):
 garbage-first heap   total 556032K, used 241902K [0x0000000080000000, 0x0000000100000000)
  region size 1024K, 20 young (20480K), 20 survivors (20480K)
 Metaspace       used 172298K, committed 174848K, reserved 1245184K
  class space    used 22543K, committed 23808K, reserved 1048576K
}
Event: 3495.497 GC heap before
{Heap before GC invocations=78 (full 0):
 garbage-first heap   total 556032K, used 335086K [0x0000000080000000, 0x0000000100000000)
  region size 1024K, 113 young (115712K), 20 survivors (20480K)
 Metaspace       used 172647K, committed 175168K, reserved 1245184K
  class space    used 22543K, committed 23808K, reserved 1048576K
}
Event: 3495.510 GC heap after
{Heap after GC invocations=79 (full 0):
 garbage-first heap   total 556032K, used 235901K [0x0000000080000000, 0x0000000100000000)
  region size 1024K, 4 young (4096K), 4 survivors (4096K)
 Metaspace       used 172647K, committed 175168K, reserved 1245184K
  class space    used 22543K, committed 23808K, reserved 1048576K
}

Dll operation events (3 events):
Event: 0.008 Loaded shared library C:\Program Files\Android\Android Studio\jbr\bin\java.dll
Event: 0.012 Loaded shared library C:\Program Files\Android\Android Studio\jbr\bin\zip.dll
Event: 0.431 Loaded shared library C:\Program Files\Android\Android Studio\jbr\bin\verify.dll

Deoptimization events (20 events):
Event: 3650.181 Thread 0x000001b815701c50 DEOPT PACKING pc=0x000001b871896896 sp=0x00000068803fac50
Event: 3650.181 Thread 0x000001b815701c50 DEOPT UNPACKING pc=0x000001b8761c4e42 sp=0x00000068803fa190 mode 0
Event: 3650.184 Thread 0x000001b815702970 Uncommon trap: trap_request=0xffffff45 fr.pc=0x000001b87791e480 relative=0x0000000000006340
Event: 3650.184 Thread 0x000001b815702970 Uncommon trap: reason=unstable_if action=reinterpret pc=0x000001b87791e480 method=java.io.ClassCache.processQueue()V @ 9 c2
Event: 3650.184 Thread 0x000001b815702970 DEOPT PACKING pc=0x000001b87791e480 sp=0x00000068806ff1c0
Event: 3650.184 Thread 0x000001b815702970 DEOPT UNPACKING pc=0x000001b8761c46a2 sp=0x00000068806ff088 mode 2
Event: 3650.185 Thread 0x000001b815702970 Uncommon trap: trap_request=0xffffff45 fr.pc=0x000001b87697ddf0 relative=0x0000000000000190
Event: 3650.185 Thread 0x000001b815702970 Uncommon trap: reason=unstable_if action=reinterpret pc=0x000001b87697ddf0 method=java.lang.ClassValue.match(Ljava/lang/ClassValue$Entry;)Z @ 12 c2
Event: 3650.185 Thread 0x000001b815702970 DEOPT PACKING pc=0x000001b87697ddf0 sp=0x00000068806ff0b0
Event: 3650.185 Thread 0x000001b815702970 DEOPT UNPACKING pc=0x000001b8761c46a2 sp=0x00000068806ff010 mode 2
Event: 3650.185 Thread 0x000001b815702970 Uncommon trap: trap_request=0xffffff45 fr.pc=0x000001b876eb37b8 relative=0x0000000000000638
Event: 3650.185 Thread 0x000001b815702970 Uncommon trap: reason=unstable_if action=reinterpret pc=0x000001b876eb37b8 method=java.lang.ClassValue.match(Ljava/lang/ClassValue$Entry;)Z @ 12 c2
Event: 3650.185 Thread 0x000001b815702970 DEOPT PACKING pc=0x000001b876eb37b8 sp=0x00000068806fee60
Event: 3650.185 Thread 0x000001b815702970 DEOPT UNPACKING pc=0x000001b8761c46a2 sp=0x00000068806fecd8 mode 2
Event: 3650.185 Thread 0x000001b815702970 Uncommon trap: trap_request=0xffffff45 fr.pc=0x000001b87693f594 relative=0x0000000000000614
Event: 3650.185 Thread 0x000001b815702970 Uncommon trap: reason=unstable_if action=reinterpret pc=0x000001b87693f594 method=java.lang.ClassValue.match(Ljava/lang/ClassValue$Entry;)Z @ 12 c2
Event: 3650.185 Thread 0x000001b815702970 DEOPT PACKING pc=0x000001b87693f594 sp=0x00000068806feac0
Event: 3650.185 Thread 0x000001b815702970 DEOPT UNPACKING pc=0x000001b8761c46a2 sp=0x00000068806fe9a0 mode 2
Event: 3650.185 Thread 0x000001b815701c50 DEOPT PACKING pc=0x000001b871896896 sp=0x00000068803f9ca0
Event: 3650.185 Thread 0x000001b815701c50 DEOPT UNPACKING pc=0x000001b8761c4e42 sp=0x00000068803f91e0 mode 0

Classes loaded (20 events):
Event: 30.219 Loading class java/time/temporal/TemporalQueries$2
Event: 30.219 Loading class java/time/temporal/TemporalQueries$2 done
Event: 30.219 Loading class java/time/temporal/TemporalQueries$3
Event: 30.219 Loading class java/time/temporal/TemporalQueries$3 done
Event: 30.219 Loading class java/time/temporal/TemporalQueries$4
Event: 30.219 Loading class java/time/temporal/TemporalQueries$4 done
Event: 30.219 Loading class java/time/temporal/TemporalQueries$5
Event: 30.219 Loading class java/time/temporal/TemporalQueries$5 done
Event: 30.219 Loading class java/time/temporal/TemporalQueries$6
Event: 30.219 Loading class java/time/temporal/TemporalQueries$6 done
Event: 30.220 Loading class java/time/temporal/TemporalQueries$7
Event: 30.220 Loading class java/time/temporal/TemporalQueries$7 done
Event: 30.220 Loading class java/time/LocalDate$1
Event: 30.220 Loading class java/time/LocalDate$1 done
Event: 30.329 Loading class java/util/concurrent/CompletableFuture$AsyncRun
Event: 30.329 Loading class java/util/concurrent/CompletableFuture$AsyncRun done
Event: 2032.877 Loading class jdk/internal/math/FormattedFPDecimal
Event: 2032.882 Loading class jdk/internal/math/FormattedFPDecimal done
Event: 3494.836 Loading class java/lang/invoke/MethodHandleImpl$CountingWrapper$1
Event: 3494.837 Loading class java/lang/invoke/MethodHandleImpl$CountingWrapper$1 done

Classes unloaded (20 events):
Event: 3495.726 Thread 0x000001b87f38c3f0 Unloading class 0x00000001001acc00 'java/lang/invoke/LambdaForm$MH+0x00000001001acc00'
Event: 3495.726 Thread 0x000001b87f38c3f0 Unloading class 0x00000001001ac800 'java/lang/invoke/LambdaForm$MH+0x00000001001ac800'
Event: 3495.726 Thread 0x000001b87f38c3f0 Unloading class 0x00000001001a4800 'java/lang/invoke/LambdaForm$MH+0x00000001001a4800'
Event: 3495.726 Thread 0x000001b87f38c3f0 Unloading class 0x00000001001a4400 'java/lang/invoke/LambdaForm$MH+0x00000001001a4400'
Event: 3495.726 Thread 0x000001b87f38c3f0 Unloading class 0x00000001001a4000 'java/lang/invoke/LambdaForm$BMH+0x00000001001a4000'
Event: 3495.726 Thread 0x000001b87f38c3f0 Unloading class 0x000000010013d000 'java/lang/invoke/LambdaForm$MH+0x000000010013d000'
Event: 3495.726 Thread 0x000001b87f38c3f0 Unloading class 0x000000010013cc00 'java/lang/invoke/LambdaForm$MH+0x000000010013cc00'
Event: 3495.726 Thread 0x000001b87f38c3f0 Unloading class 0x000000010013c800 'java/lang/invoke/LambdaForm$MH+0x000000010013c800'
Event: 3495.726 Thread 0x000001b87f38c3f0 Unloading class 0x0000000100125800 'java/lang/invoke/LambdaForm$MH+0x0000000100125800'
Event: 3495.726 Thread 0x000001b87f38c3f0 Unloading class 0x0000000100125000 'java/lang/invoke/LambdaForm$MH+0x0000000100125000'
Event: 3495.726 Thread 0x000001b87f38c3f0 Unloading class 0x0000000100124c00 'java/lang/invoke/LambdaForm$MH+0x0000000100124c00'
Event: 3495.726 Thread 0x000001b87f38c3f0 Unloading class 0x000000010010c000 'java/lang/invoke/LambdaForm$DMH+0x000000010010c000'
Event: 3495.726 Thread 0x000001b87f38c3f0 Unloading class 0x0000000100104000 'java/lang/invoke/LambdaForm$MH+0x0000000100104000'
Event: 3495.726 Thread 0x000001b87f38c3f0 Unloading class 0x00000001000f4c00 'java/lang/invoke/LambdaForm$MH+0x00000001000f4c00'
Event: 3495.726 Thread 0x000001b87f38c3f0 Unloading class 0x00000001000f4800 'java/lang/invoke/LambdaForm$MH+0x00000001000f4800'
Event: 3495.726 Thread 0x000001b87f38c3f0 Unloading class 0x00000001000f4000 'java/lang/invoke/LambdaForm$MH+0x00000001000f4000'
Event: 3495.726 Thread 0x000001b87f38c3f0 Unloading class 0x00000001000d8400 'java/lang/invoke/LambdaForm$MH+0x00000001000d8400'
Event: 3495.726 Thread 0x000001b87f38c3f0 Unloading class 0x00000001000c1400 'java/lang/invoke/LambdaForm$MH+0x00000001000c1400'
Event: 3495.726 Thread 0x000001b87f38c3f0 Unloading class 0x00000001000c1000 'java/lang/invoke/LambdaForm$MH+0x00000001000c1000'
Event: 3495.726 Thread 0x000001b87f38c3f0 Unloading class 0x00000001000c0800 'java/lang/invoke/LambdaForm$MH+0x00000001000c0800'

Classes redefined (0 events):
No events

Internal exceptions (20 events):
Event: 3495.700 Thread 0x000001b8140fd7f0 Exception <a 'sun/nio/fs/WindowsException'{0x00000000feade750}> (0x00000000feade750) 
thrown [s\src\hotspot\share\prims\jni.cpp, line 537]
Event: 3495.700 Thread 0x000001b8140fd7f0 Exception <a 'sun/nio/fs/WindowsException'{0x00000000feadf298}> (0x00000000feadf298) 
thrown [s\src\hotspot\share\prims\jni.cpp, line 537]
Event: 3495.700 Thread 0x000001b8140fd7f0 Exception <a 'sun/nio/fs/WindowsException'{0x00000000feadfe38}> (0x00000000feadfe38) 
thrown [s\src\hotspot\share\prims\jni.cpp, line 537]
Event: 3495.701 Thread 0x000001b8140fd7f0 Exception <a 'sun/nio/fs/WindowsException'{0x00000000feae8308}> (0x00000000feae8308) 
thrown [s\src\hotspot\share\prims\jni.cpp, line 537]
Event: 3495.701 Thread 0x000001b8140fd7f0 Exception <a 'sun/nio/fs/WindowsException'{0x00000000feae8e70}> (0x00000000feae8e70) 
thrown [s\src\hotspot\share\prims\jni.cpp, line 537]
Event: 3495.701 Thread 0x000001b8140fd7f0 Exception <a 'sun/nio/fs/WindowsException'{0x00000000feae9a30}> (0x00000000feae9a30) 
thrown [s\src\hotspot\share\prims\jni.cpp, line 537]
Event: 3495.703 Thread 0x000001b8140fd7f0 Exception <a 'sun/nio/fs/WindowsException'{0x00000000feaf3c30}> (0x00000000feaf3c30) 
thrown [s\src\hotspot\share\prims\jni.cpp, line 537]
Event: 3495.703 Thread 0x000001b8140fd7f0 Exception <a 'sun/nio/fs/WindowsException'{0x00000000feaf4790}> (0x00000000feaf4790) 
thrown [s\src\hotspot\share\prims\jni.cpp, line 537]
Event: 3495.703 Thread 0x000001b8140fd7f0 Exception <a 'sun/nio/fs/WindowsException'{0x00000000feaf5338}> (0x00000000feaf5338) 
thrown [s\src\hotspot\share\prims\jni.cpp, line 537]
Event: 3495.704 Thread 0x000001b8140fd7f0 Exception <a 'sun/nio/fs/WindowsException'{0x00000000feafb418}> (0x00000000feafb418) 
thrown [s\src\hotspot\share\prims\jni.cpp, line 537]
Event: 3495.704 Thread 0x000001b8140fd7f0 Exception <a 'sun/nio/fs/WindowsException'{0x00000000feafbf98}> (0x00000000feafbf98) 
thrown [s\src\hotspot\share\prims\jni.cpp, line 537]
Event: 3495.704 Thread 0x000001b8140fd7f0 Exception <a 'sun/nio/fs/WindowsException'{0x00000000feafcb60}> (0x00000000feafcb60) 
thrown [s\src\hotspot\share\prims\jni.cpp, line 537]
Event: 3495.705 Thread 0x000001b8140fd7f0 Exception <a 'sun/nio/fs/WindowsException'{0x00000000fe902040}> (0x00000000fe902040) 
thrown [s\src\hotspot\share\prims\jni.cpp, line 537]
Event: 3650.114 Thread 0x000001b815701c50 Exception <a 'sun/nio/fs/WindowsException'{0x00000000fe05a498}> (0x00000000fe05a498) 
thrown [s\src\hotspot\share\prims\jni.cpp, line 537]
Event: 3650.115 Thread 0x000001b815701c50 Exception <a 'sun/nio/fs/WindowsException'{0x00000000fe05b9a0}> (0x00000000fe05b9a0) 
thrown [s\src\hotspot\share\prims\jni.cpp, line 537]
Event: 3650.115 Thread 0x000001b815701c50 Exception <a 'sun/nio/fs/WindowsException'{0x00000000fe05ce98}> (0x00000000fe05ce98) 
thrown [s\src\hotspot\share\prims\jni.cpp, line 537]
Event: 3650.115 Thread 0x000001b815701c50 Exception <a 'sun/nio/fs/WindowsException'{0x00000000fe05df78}> (0x00000000fe05df78) 
thrown [s\src\hotspot\share\prims\jni.cpp, line 537]
Event: 3650.167 Thread 0x000001b815701c50 Exception <a 'sun/nio/fs/WindowsException'{0x000000009d421fe8}> (0x000000009d421fe8) 
thrown [s\src\hotspot\share\prims\jni.cpp, line 537]
Event: 3650.167 Thread 0x000001b815701c50 Exception <a 'sun/nio/fs/WindowsException'{0x000000009d423728}> (0x000000009d423728) 
thrown [s\src\hotspot\share\prims\jni.cpp, line 537]
Event: 3650.168 Thread 0x000001b815701c50 Exception <a 'sun/nio/fs/WindowsException'{0x000000009d425af8}> (0x000000009d425af8) 
thrown [s\src\hotspot\share\prims\jni.cpp, line 537]

ZGC Phase Switch (0 events):
No events

VM Operations (20 events):
Event: 3494.721 Executing VM operation: ICBufferFull
Event: 3494.722 Executing VM operation: ICBufferFull done
Event: 3494.919 Executing VM operation: ICBufferFull
Event: 3494.919 Executing VM operation: ICBufferFull done
Event: 3495.103 Executing VM operation: ICBufferFull
Event: 3495.103 Executing VM operation: ICBufferFull done
Event: 3495.497 Executing VM operation: G1TryInitiateConcMark (G1 Humongous Allocation)
Event: 3495.510 Executing VM operation: G1TryInitiateConcMark (G1 Humongous Allocation) done
Event: 3495.711 Executing VM operation: G1PauseRemark
Event: 3495.837 Executing VM operation: G1PauseRemark done
Event: 3496.018 Executing VM operation: G1PauseCleanup
Event: 3496.018 Executing VM operation: G1PauseCleanup done
Event: 3548.054 Executing VM operation: HandshakeAllThreads (HandshakeForDeflation)
Event: 3548.054 Executing VM operation: HandshakeAllThreads (HandshakeForDeflation) done
Event: 3548.054 Executing VM operation: RendezvousGCThreads
Event: 3548.054 Executing VM operation: RendezvousGCThreads done
Event: 3590.384 Executing VM operation: Cleanup
Event: 3590.384 Executing VM operation: Cleanup done
Event: 3592.401 Executing VM operation: Cleanup
Event: 3592.401 Executing VM operation: Cleanup done

Memory protections (0 events):
No events

Nmethod flushes (20 events):
Event: 3495.823 Thread 0x000001b87f38c3f0 flushing  nmethod 0x000001b8702d8e10
Event: 3495.823 Thread 0x000001b87f38c3f0 flushing  nmethod 0x000001b8702d9f10
Event: 3495.823 Thread 0x000001b87f38c3f0 flushing  nmethod 0x000001b8702dc610
Event: 3495.823 Thread 0x000001b87f38c3f0 flushing  nmethod 0x000001b87043f290
Event: 3495.823 Thread 0x000001b87f38c3f0 flushing  nmethod 0x000001b87121e190
Event: 3495.823 Thread 0x000001b87f38c3f0 flushing  nmethod 0x000001b87121f390
Event: 3495.823 Thread 0x000001b87f38c3f0 flushing  nmethod 0x000001b871229510
Event: 3495.823 Thread 0x000001b87f38c3f0 flushing  nmethod 0x000001b87122b710
Event: 3495.823 Thread 0x000001b87f38c3f0 flushing  nmethod 0x000001b871267b90
Event: 3495.823 Thread 0x000001b87f38c3f0 flushing  nmethod 0x000001b871267f90
Event: 3495.823 Thread 0x000001b87f38c3f0 flushing  nmethod 0x000001b871268b90
Event: 3495.823 Thread 0x000001b87f38c3f0 flushing  nmethod 0x000001b871269590
Event: 3495.823 Thread 0x000001b87f38c3f0 flushing  nmethod 0x000001b87126a010
Event: 3495.823 Thread 0x000001b87f38c3f0 flushing  nmethod 0x000001b87126cb90
Event: 3495.823 Thread 0x000001b87f38c3f0 flushing  nmethod 0x000001b87126d410
Event: 3495.823 Thread 0x000001b87f38c3f0 flushing  nmethod 0x000001b87126d810
Event: 3495.823 Thread 0x000001b87f38c3f0 flushing  nmethod 0x000001b871277f10
Event: 3495.823 Thread 0x000001b87f38c3f0 flushing  nmethod 0x000001b871278210
Event: 3495.823 Thread 0x000001b87f38c3f0 flushing osr nmethod 0x000001b87128bb10
Event: 3495.823 Thread 0x000001b87f38c3f0 flushing  nmethod 0x000001b871399810

Events (20 events):
Event: 3650.013 Thread 0x000001b8156fe7d0 Thread added: 0x000001b8156fee60
Event: 3650.019 Thread 0x000001b8156fe7d0 Thread added: 0x000001b8156fcd90
Event: 3650.024 Thread 0x000001b8156fe7d0 Thread added: 0x000001b815701c50
Event: 3650.029 Thread 0x000001b815701c50 Thread added: 0x000001b8157022e0
Event: 3650.030 Thread 0x000001b815701c50 Thread added: 0x000001b8157015c0
Event: 3650.030 Thread 0x000001b815701c50 Thread added: 0x000001b815702970
Event: 3650.043 Thread 0x000001b815701c50 Thread added: 0x000001b815705df0
Event: 3650.046 Thread 0x000001b815701c50 Thread added: 0x000001b815703d20
Event: 3650.062 Thread 0x000001b815701c50 Thread added: 0x000001b815706480
Event: 3650.069 Thread 0x000001b815701c50 Thread added: 0x000001b815703000
Event: 3650.071 Thread 0x000001b815701c50 Thread added: 0x000001b815706b10
Event: 3650.092 Thread 0x000001b815701c50 Thread added: 0x000001b815703690
Event: 3650.093 Thread 0x000001b815701c50 Thread added: 0x000001b81570a620
Event: 3650.093 Thread 0x000001b815701c50 Thread added: 0x000001b815709900
Event: 3650.093 Thread 0x000001b815701c50 Thread added: 0x000001b815707ec0
Event: 3650.105 Thread 0x000001b815701c50 Thread added: 0x000001b815709f90
Event: 3650.106 Thread 0x000001b815701c50 Thread added: 0x000001b8157071a0
Event: 3650.106 Thread 0x000001b815701c50 Thread added: 0x000001b81570acb0
Event: 3650.107 Thread 0x000001b815701c50 Thread added: 0x000001b815708550
Event: 3650.166 Thread 0x000001b87f3fa9b0 Thread added: 0x000001b81427b9d0


Dynamic libraries:
0x00007ff6d7fd0000 - 0x00007ff6d7fda000 	C:\Program Files\Android\Android Studio\jbr\bin\java.exe
0x00007ffd867e0000 - 0x00007ffd86a46000 	C:\Windows\SYSTEM32\ntdll.dll
0x00007ffd85710000 - 0x00007ffd857d9000 	C:\Windows\System32\KERNEL32.DLL
0x00007ffd83a00000 - 0x00007ffd83e00000 	C:\Windows\System32\KERNELBASE.dll
0x00007ffd83e10000 - 0x00007ffd83f5c000 	C:\Windows\System32\ucrtbase.dll
0x00007ffd64550000 - 0x00007ffd64568000 	C:\Program Files\Android\Android Studio\jbr\bin\jli.dll
0x00007ffd72550000 - 0x00007ffd7256b000 	C:\Program Files\Android\Android Studio\jbr\bin\VCRUNTIME140.dll
0x00007ffd851b0000 - 0x00007ffd85377000 	C:\Windows\System32\USER32.dll
0x00007ffd6bc30000 - 0x00007ffd6bec2000 	C:\Windows\WinSxS\amd64_microsoft.windows.common-controls_6595b64144ccf1df_6.0.26100.8737_none_3e092eaee333b772\COMCTL32.dll
0x00007ffd842d0000 - 0x00007ffd842f7000 	C:\Windows\System32\win32u.dll
0x00007ffd84a00000 - 0x00007ffd84aa9000 	C:\Windows\System32\msvcrt.dll
0x00007ffd85e00000 - 0x00007ffd85e2b000 	C:\Windows\System32\GDI32.dll
0x00007ffd84020000 - 0x00007ffd84149000 	C:\Windows\System32\gdi32full.dll
0x00007ffd83f70000 - 0x00007ffd84013000 	C:\Windows\System32\msvcp_win.dll
0x00007ffd84510000 - 0x00007ffd84542000 	C:\Windows\System32\IMM32.DLL
0x00007ffd7b570000 - 0x00007ffd7b57c000 	C:\Program Files\Android\Android Studio\jbr\bin\vcruntime140_1.dll
0x00007ffd366d0000 - 0x00007ffd3675d000 	C:\Program Files\Android\Android Studio\jbr\bin\msvcp140.dll
0x00007ffcd7930000 - 0x00007ffcd85be000 	C:\Program Files\Android\Android Studio\jbr\bin\server\jvm.dll
0x00007ffd85f40000 - 0x00007ffd85ff7000 	C:\Windows\System32\ADVAPI32.dll
0x00007ffd85100000 - 0x00007ffd851aa000 	C:\Windows\System32\sechost.dll
0x00007ffd84bb0000 - 0x00007ffd84cc8000 	C:\Windows\System32\RPCRT4.dll
0x00007ffd85d70000 - 0x00007ffd85df0000 	C:\Windows\System32\WS2_32.dll
0x00007ffd83860000 - 0x00007ffd838be000 	C:\Windows\SYSTEM32\POWRPROF.dll
0x00007ffd39b60000 - 0x00007ffd39b96000 	C:\Windows\SYSTEM32\WINMM.dll
0x00007ffd74af0000 - 0x00007ffd74afb000 	C:\Windows\SYSTEM32\VERSION.dll
0x00007ffd83840000 - 0x00007ffd83854000 	C:\Windows\SYSTEM32\UMPDC.dll
0x00007ffd826a0000 - 0x00007ffd826bb000 	C:\Windows\SYSTEM32\kernel.appcore.dll
0x00007ffd7b560000 - 0x00007ffd7b56a000 	C:\Program Files\Android\Android Studio\jbr\bin\jimage.dll
0x00007ffd80630000 - 0x00007ffd80872000 	C:\Windows\SYSTEM32\DBGHELP.DLL
0x00007ffd85380000 - 0x00007ffd85703000 	C:\Windows\System32\combase.dll
0x00007ffd84ad0000 - 0x00007ffd84ba9000 	C:\Windows\System32\OLEAUT32.dll
0x00007ffd801c0000 - 0x00007ffd801fb000 	C:\Windows\SYSTEM32\dbgcore.DLL
0x00007ffd84210000 - 0x00007ffd842bc000 	C:\Windows\System32\bcryptPrimitives.dll
0x00007ffd6e600000 - 0x00007ffd6e60e000 	C:\Program Files\Android\Android Studio\jbr\bin\instrument.dll
0x00007ffd6d5a0000 - 0x00007ffd6d5c0000 	C:\Program Files\Android\Android Studio\jbr\bin\java.dll
0x00007ffd67ef0000 - 0x00007ffd67f08000 	C:\Program Files\Android\Android Studio\jbr\bin\zip.dll
0x00007ffd86000000 - 0x00007ffd86792000 	C:\Windows\System32\SHELL32.dll
0x00007ffd81460000 - 0x00007ffd81cf2000 	C:\Windows\SYSTEM32\windows.storage.dll
0x00007ffd85e40000 - 0x00007ffd85f37000 	C:\Windows\System32\SHCORE.dll
0x00007ffd84550000 - 0x00007ffd845b7000 	C:\Windows\System32\shlwapi.dll
0x00007ffd83920000 - 0x00007ffd83949000 	C:\Windows\SYSTEM32\profapi.dll
0x00007ffd728a0000 - 0x00007ffd728b0000 	C:\Program Files\Android\Android Studio\jbr\bin\net.dll
0x00007ffd7b980000 - 0x00007ffd7baa9000 	C:\Windows\SYSTEM32\WINHTTP.dll
0x00007ffd82c30000 - 0x00007ffd82c9c000 	C:\Windows\system32\mswsock.dll
0x00007ffd66f90000 - 0x00007ffd66fa6000 	C:\Program Files\Android\Android Studio\jbr\bin\nio.dll
0x00007ffd7d950000 - 0x00007ffd7d960000 	C:\Program Files\Android\Android Studio\jbr\bin\verify.dll
0x00007ffd64570000 - 0x00007ffd64597000 	C:\Users\Usman\.gradle\native\1def1411415f61bf3af743bc5b6707747c0891f09f0c88961ee8f79bc544acac\windows-amd64\native-platform.dll
0x00007ffd05260000 - 0x00007ffd052d8000 	C:\Users\Usman\.gradle\native\0.2.7\x86_64-windows-gnu\gradle-fileevents.dll
0x00007ffd71ff0000 - 0x00007ffd71ff9000 	C:\Program Files\Android\Android Studio\jbr\bin\management.dll
0x00007ffd6e8f0000 - 0x00007ffd6e8fb000 	C:\Program Files\Android\Android Studio\jbr\bin\management_ext.dll
0x00007ffd84650000 - 0x00007ffd84658000 	C:\Windows\System32\PSAPI.DLL
0x00007ffd820a0000 - 0x00007ffd820d3000 	C:\Windows\SYSTEM32\IPHLPAPI.DLL
0x00007ffd85e30000 - 0x00007ffd85e3a000 	C:\Windows\System32\NSI.dll
0x00007ffd72450000 - 0x00007ffd72459000 	C:\Program Files\Android\Android Studio\jbr\bin\extnet.dll
0x00007ffd83060000 - 0x00007ffd8307b000 	C:\Windows\SYSTEM32\CRYPTSP.dll
0x00007ffd82600000 - 0x00007ffd82639000 	C:\Windows\system32\rsaenh.dll
0x00007ffd82cf0000 - 0x00007ffd82d22000 	C:\Windows\SYSTEM32\USERENV.dll
0x00007ffd838f0000 - 0x00007ffd8391a000 	C:\Windows\SYSTEM32\bcrypt.dll
0x00007ffd82ea0000 - 0x00007ffd82eac000 	C:\Windows\SYSTEM32\CRYPTBASE.dll
0x00007ffd72020000 - 0x00007ffd72028000 	C:\Windows\system32\wshunix.dll
0x00007ffd827d0000 - 0x00007ffd82806000 	C:\Windows\SYSTEM32\ntmarta.dll

dbghelp: loaded successfully - version: 4.0.5 - missing functions: none
symbol engine: initialized successfully - sym options: 0x614 - pdb path: .;C:\Program Files\Android\Android Studio\jbr\bin;C:\Windows\SYSTEM32;C:\Windows\WinSxS\amd64_microsoft.windows.common-controls_6595b64144ccf1df_6.0.26100.8737_none_3e092eaee333b772;C:\Program Files\Android\Android Studio\jbr\bin\server;C:\Users\Usman\.gradle\native\1def1411415f61bf3af743bc5b6707747c0891f09f0c88961ee8f79bc544acac\windows-amd64;C:\Users\Usman\.gradle\native\0.2.7\x86_64-windows-gnu

VM Arguments:
jvm_args: --add-opens=java.base/java.lang=ALL-UNNAMED --add-opens=java.base/java.lang.invoke=ALL-UNNAMED --add-opens=java.base/java.util=ALL-UNNAMED --add-opens=java.prefs/java.util.prefs=ALL-UNNAMED --add-exports=jdk.compiler/com.sun.tools.javac.api=ALL-UNNAMED --add-exports=jdk.compiler/com.sun.tools.javac.util=ALL-UNNAMED --add-opens=java.base/java.util=ALL-UNNAMED --add-opens=java.prefs/java.util.prefs=ALL-UNNAMED --add-opens=java.base/java.nio.charset=ALL-UNNAMED --add-opens=java.base/java.net=ALL-UNNAMED --add-opens=java.base/java.util.concurrent.atomic=ALL-UNNAMED --add-opens=java.xml/javax.xml.namespace=ALL-UNNAMED -Xmx2048m -Dfile.encoding=UTF-8 -Duser.country=US -Duser.language=en -Duser.variant -javaagent:C:\Users\Usman\.gradle\wrapper\dists\gradle-8.13-bin\5xuhj0ry160q40clulazy9h7d\gradle-8.13\lib\agents\gradle-instrumentation-agent-8.13.jar 
java_command: org.gradle.launcher.daemon.bootstrap.GradleDaemon 8.13
java_class_path (initial): C:\Users\Usman\.gradle\wrapper\dists\gradle-8.13-bin\5xuhj0ry160q40clulazy9h7d\gradle-8.13\lib\gradle-daemon-main-8.13.jar
Launcher Type: SUN_STANDARD

[Global flags]
     intx CICompilerCount                          = 4                                         {product} {ergonomic}
     uint ConcGCThreads                            = 2                                         {product} {ergonomic}
     uint G1ConcRefinementThreads                  = 8                                         {product} {ergonomic}
   size_t G1HeapRegionSize                         = 1048576                                   {product} {ergonomic}
    uintx GCDrainStackTargetSize                   = 64                                        {product} {ergonomic}
   size_t InitialHeapSize                          = 199229440                                 {product} {ergonomic}
   size_t MarkStackSize                            = 4194304                                   {product} {ergonomic}
   size_t MaxHeapSize                              = 2147483648                                {product} {command line}
   size_t MaxNewSize                               = 1287651328                                {product} {ergonomic}
   size_t MinHeapDeltaBytes                        = 1048576                                   {product} {ergonomic}
   size_t MinHeapSize                              = 8388608                                   {product} {ergonomic}
    uintx NonNMethodCodeHeapSize                   = 5839372                                {pd product} {ergonomic}
    uintx NonProfiledCodeHeapSize                  = 122909434                              {pd product} {ergonomic}
    uintx ProfiledCodeHeapSize                     = 122909434                              {pd product} {ergonomic}
    uintx ReservedCodeCacheSize                    = 251658240                              {pd product} {ergonomic}
     bool SegmentedCodeCache                       = true                                      {product} {ergonomic}
   size_t SoftMaxHeapSize                          = 2147483648                             {manageable} {ergonomic}
     bool UseCompressedOops                        = true                           {product lp64_product} {ergonomic}
     bool UseG1GC                                  = true                                      {product} {ergonomic}
     bool UseLargePagesIndividualAllocation        = false                                  {pd product} {ergonomic}

Logging:
Log output configuration:
 #0: stdout all=warning uptime,level,tags foldmultilines=false
 #1: stderr all=off uptime,level,tags foldmultilines=false

Environment Variables:
PATH=C:\Windows\system32;C:\Windows;C:\Windows\System32\Wbem;C:\Windows\System32\WindowsPowerShell\v1.0\;C:\Windows\System32\OpenSSH\;C:\Program Files\Git\cmd;C:\Program Files\Git\mingw64\bin;C:\Program Files\Git\usr\bin;C:\Users\Usman\AppData\Local\Programs\Python\Python312\Scripts\;C:\Users\Usman\AppData\Local\Programs\Python\Python312\;C:\Users\Usman\AppData\Local\Programs\Python\Python314\Scripts\;C:\Users\Usman\AppData\Local\Programs\Python\Python314\;C:\Users\Usman\AppData\Local\Microsoft\WindowsApps;C:\Users\Usman\AppData\Local\Programs\Microsoft VS Code\bin
USERNAME=Usman
OS=Windows_NT
PROCESSOR_IDENTIFIER=Intel64 Family 6 Model 142 Stepping 12, GenuineIntel
TMP=C:\Users\Usman\AppData\Local\Temp
TEMP=C:\Users\Usman\AppData\Local\Temp




Periodic native trim disabled

JNI global refs:
JNI global refs: 30, weak refs: 7

JNI global refs memory usage: 835, weak refs: 833

Process memory usage:
Resident Set Size: 844688K (6% of 12321952K total physical memory with 1170332K free physical memory)

OOME stack traces (most recent first):
Classloader memory used:
Loader org.gradle.internal.classloader.VisitableURLClassLoader$InstrumentingVisitableURLClassLoader: 66546K
Loader org.gradle.internal.classloader.VisitableURLClassLoader                         : 46691K
Loader bootstrap                                                                       : 30416K
Loader org.gradle.initialization.MixInLegacyTypesClassLoader                           : 13852K
Loader jdk.internal.loader.ClassLoaders$AppClassLoader                                 : 9804K
Loader jdk.internal.loader.ClassLoaders$PlatformClassLoader                            : 738K
Loader jdk.internal.jrtfs.JrtFileSystemProvider$JrtFsLoader                            : 593K
Loader jdk.internal.reflect.DelegatingClassLoader                                      : 473K
Loader org.gradle.internal.classloader.VisitableURLClassLoader                         : 207K
Loader org.gradle.groovy.scripts.internal.DefaultScriptCompilationHandler$ScriptClassLoader: 136K
Loader org.codehaus.groovy.runtime.callsite.CallSiteClassLoader                        : 27504B
Loader sun.reflect.misc.MethodUtil                                                     : 3008B


[error occurred during error reporting (Classloader stats), id 0xe0000001, Out of Memory Error (s\src\hotspot\share\memory\arena.cpp:168)]
---------------  S Y S T E M  ---------------

OS:
 Windows 11 , 64 bit Build 26100 (10.0.26100.8737)
OS uptime: 3 days 5:18 hours
Hyper-V role detected

CPU: total 8 (initial active 8) (4 cores per cpu, 2 threads per core) family 6 model 142 stepping 12 microcode 0xfc, cx8, cmov, fxsr, ht, mmx, 3dnowpref, sse, sse2, sse3, ssse3, sse4.1, sse4.2, popcnt, lzcnt, tsc, tscinvbit, avx, avx2, aes, erms, clmul, bmi1, bmi2, adx, fma, vzeroupper, clflush, clflushopt, hv, rdtscp, f16c
Processor Information for the first 8 processors :
  Max Mhz: 2112, Current Mhz: 1910, Mhz Limit: 1900

Memory: 4k page, system-wide physical 12033M (1135M free)
TotalPageFile size 15147M (AvailPageFile size 0M)
current process WorkingSet (physical memory assigned to process): 828M, peak: 1044M
current process commit charge ("private bytes"): 1022M, peak: 1079M

vm_info: OpenJDK 64-Bit Server VM (21.0.7+-13880790-b1038.58) for windows-amd64 JRE (21.0.7+-13880790-b1038.58), built on 2025-08-04T20:56:21Z by "builder" with MS VC++ 16.10 / 16.11 (VS2019)

END.
